,Level B ,Level C,
 рд╣реЛ рджрд│рднрджреНрд░реА рд░рд╛рдЬрдХрд╛рд░рдгреА ,UNT,NULL,
 рддреНрдпрд╛рд▓рд╛ рд╣рд┐рдВрдордд рдирд╛рд╣реА рдмрд╛рд╡рд│рдЯ рдкрдгрд╛ рдмреЛрд▓рддрд╛рдд рдЪреЛрдВрдЧреНрдпрд╛  рд▓рд╛рдпрдХреАрдЪ рд╕рдбрдХ рдЫрд╛рдк рдзрдВрджреЗ рдХрд░рд╛рдпрдЪреА рдЖрд╣реЗ ЁЯдг ,TIN,IND,
 рддреБрдореНрд╣реА рднрд┐рдХрд╛рд░рдЪреЛрдЯ рд╡реГрддреНрдд рд╡рд╛рд╣рд┐рдиреА рдЖрд╣рд╛рдд рдЖрдгрд┐ рддреБрдордЪреНрдпрд╛рдд рджрдо рдирд╛рд╣реА рдЕрд╕рдВ рд╡рд╛рдЯрддрдВ  ,TIN,IND,
 рдЪрд╛рдЯ рдирд╛ рддреНрдпрд╛рдВрдЪреА рддреЛрдВрдбрд╛рдд рдШреЗ рднрдХреНрддрд╛рдб ,TIN,IND,
 рддреВрдЬреА рджрд│рднрджреНрд░реА рдорд╛рдирд╕рд┐рдХрддрд╛ рдХрд│рд▓реА  рдирд╢реЗрдмрд╛рдЬрд╛рдВрдирд╛ рдЖрджрд░реНрд╢ рдорд╛рдиреВрди рддреНрдпрд╛рдВрдЪреА рдкреВрдЬрд╛ рдХрд░рдд рдЬрд╛ рд░реЛрдЬ ,TIN,IND,
 рдлрдбрдгрд╡реАрд╕ рд╕рд░рдХрд╛рд░ рдЕрд╕рддрд╛рдирд╛ рдЖрд░рдХреНрд╖рдирд╛рдЪреЗ рд░рд╛рдЬрдХрд╛рд░рдг рдХрд░реБрдг рддреЛрдВрдбрд╛рд▓рд╛ рдлреЗрд╕ рдпреЗрдИ рдкрд░реНрдпрдВрдд рдЖрд░реЛрдк рдХрд░рдгрд╛рд░реЗ рддреЛрдВрдбрд╛рдд рдореЛрдЧрд░реА рдлрд╕рд▓реНрдпрд╛ рд╕рд╛рд░рдЦреЗ рдЧрдкреНрдк рдЖрд╣реЗрдд... рдмрд╛тАж ,TIN,GRP,
 рдорд╛рджрд░рдЪреЛрдж    рд░рд╛рдВрдбрд╛рдЪреА рдФрд▓рд╛рдж рдЖрд╣рд╛рдд рддреБрдореНрд╣реАрдВ рд╕рд╛рд▓реЗ рдЧреБрдВрдбреЗ .... рдореА рдорд░рд╛тАж ,TIN,GRP,
 рдЖрдИрдШрд╛рд▓реНрдпрд╛ рдиреАрдЯ рд╢рдмреНрджрд╛рдд рдмреЛрд▓рдд рд╣реЛрддреЛ рдкрдг рддреБрд▓рд╛ рдЗрдердВ рддреБрдЭреА рдЖрдИ рдЭрд╡реВрди рдШреНрдпрд╛рдпрдЪреАрдЪ рдЖрд╣реЗтАж ,TIN,IND,
 рдпрд╛рдЪрд╛ рднреВрдЧреЛрд▓ рдЪ рдЦреВрдк рдмреЗрдХреНрдХрд╛рд░ рдЖрд╣реЗ рдЗрддрд┐рд╣рд╛рд╕ рдХрд╛рдп рдШрдбрд╡рдгрд╛рд░ рдордВрдж рдорд╛рдгрд╕рд╛ рдбреЛрдХреНрдпрд╛рдд рд╢реЗрдг рднрд░рд▓рд╛рдп рдХрд╛ рддреБрдЭрд╛ рдореЛрджреА рдЪрд╛  рддреЛ рд╣рд╛рдЧрд▓рд╛ рдХреА рдХрд╛рдп рддреБрдЭрд╛тАж ,TIN,IND,
 рд╕рд╛рд░рд╛рд╕рд╛рд░ рдмреБрджреНрдзреА рдЦрд░рдВрдЪ рдирд╛рд╢ рдкрд╛рд╡рд▓реА  рдпрд╛рдЪрд╛ рдкреНрд░рддреНрдпрдп рдпреЗрддреЛрдп рд░реЛрдЬ рдПрдХрд╛ рдШрдЯрдиреЗрд╡рд░реВрди. рдЕрд╣рдВрдХрд╛рд░реА  рд╣реЗрдХреЗрдЦреЛрд░реАрдЪрд╛ рджрд░реНрдк рдЖрд╣реЗтАж ,UNT,NULL,
 рдЕрдВрдзрднрдХреНрддрд╛рдВрдирд╛ рдЖрддрд╛ рддреНрдпрд╛рдВрдЪреНрдпрд╛ рдЧреЛрдЯреНрдпрд╛ рджрд╛рдмрд╛рдпрдЪрд╛ task рджреЗрдгрд╛рд░ рдЖрд╣реЗ  рдХреЛрд░реЛрдирд╛ рдЧрд╛рдпрдм ,TIN,GRP,
 рдЧрдкреНрдк рдП рдЦреБрд│реНрдпрд╛ рд▓   .....рддреВ рдЖрдгрд┐ рддреБрдЭреЗ рдЧрд╛рдпрдкрдЯреНрдпрд╛рддрд▓реЗ рд▓реЛрдХреНрд╕ рддреБрдордЪреА рддрд┐рдХрдбреЗрдЪ рдХрд╛рд╢реА рдХрд░рд╛.....рдореБрдВрдмрдИ рдЖрдгрд┐ рдорд╣рд╛рд░рд╛рд╖реНрдЯреНрд░рд╛рдд рдлрдХреНрдд ,TIN,GRP,
 рд╣реЗ рдорд╣рд╛рд╢рдп рдирд┐рд╡рдбреВрдирдЪ рдЖрд▓реЗ рдЖрд╣реЗрдд рдирд╛ рдХрд╛ рдЙрдЪрд▓реВрди рдЖрдгрд▓реЗ рдЖрд╣реЗ рд╣реНрдпрд╛рдВрдирд╛ рд╕рд▓рдЧ рджреБрд╕рд▒реНрдпрд╛ рд╡рд░реНрд╖реА 13 рд╡рд╛ рдирдВрдмрд░ рдЖрд▓рд╛ рдЖрд╣реЗ рдЬреА рдорд╛рдЧтАж ,TIN,IND,
 рдорд░рд╛рдареА рднрдпреНрдпреЗ  рднреИрдпреНрдпрд╛рдгреА    рдорд╣рд╛рд░рд╛рд╖реНрдЯреНрд░рд╛рдЪреА рднрд╛рд╖рд╛ рдорд░рд╛рдареА рдЖрд╣реЗ.   рджреЗрд╡реЗрдВрджреНрд░рднрд╛рдКрдВрдиреА рдмрд┐рд╣рд╛рд░рдЪрд╛ рд░рд╕реНрддрд╛ рдкрдХрдбрд▓рд╛рдп рд╣реЗ рдорд╛тАж ,TIN,IND,
 рдЖрддрд╛ рд╕рдордЬрд▓рдВ рддреВ рдмреЗрд░реЛрдЬрдХрд╛рд░ рдХрд╛ рдЖрд╣реЗрд╕....рдЕрд╕ рдмреЛрд▓реНрдпрд╛рд╡рд░ рддреВ рдиреЛрдХрд░реА рдХреЛрдг рджреЗрдгрд╛рд░?? рдореБрд░реНрдЦрд╛ рд╕рдВрд╕рдж рдЪрд╛рд▓реВ рдирд╕рддрд╛рдирд╛ рд╡рдЯрд╣реБрдХреВрдотАж ,TIN,IND,
 рдЕрд░реЗ рдореБрд░реНрдЦрд╛ рджрд╛рджрд╛рд╕рд╛рд╣реЗрдм рдлрд╛рд│рдХреЗ рд╣реЛрддреЗ рддреВ рдЬрд░рд╛ рдЕрднреНрдпрд╛рд╕ рдХрд░ рдмрд░ рдЖрддрд╛ рддрд░ рдпрд╛рдВрдиреА рдкрдг рдЕрднреНрдпрд╛рд╕ рд╕реБрд░реВ рдХреЗрд▓рд╛рдп ,TIN,IND,
 рднрд┐рдХрд╛рд░рдЪреЛрдЯ рд░рд╛рдЬрдХрд╛рд░рдгрд╛рдиреА рдорд░рд╛рдареНрдпрд╛рдЪрд╛ рдШрд╛рдд рдХреЗрд▓рд╛ рдЖрдпреБрд╖реНрдпрд╛рдд рдкреНрд░рдердо рдбреЛрд│реНрдпрд╛рдд рдкрд╛рдгреА рдЖрд▓реЗ рдЬрдмрд╛рдмрджрд╛рд░реАрди рд╕рд╛рдВрдЧрддреЛ рд╣рд╛рдпрдХреЛрд░реНрдЯрд╛рдЪреЗ рдирд┐рд░реНрдгрдп рд╕реБрдкреНрд░рд┐рдотАж ,TIN,GRP,
 рд╕рд╛рдВрдЧрд┐рддрд▓рдВ рд╣реЛрддрдВ рдорд╛рдЬ рдХрд╕рд╛ рдЙрддрд░рд╛рд╡рд╛ рд╣реЗ рдЖрдореНрд╣рд╛рд▓рд╛ рдЪрд╛рдВрдЧрд▓рдВрдЪ рдард╛рдКрдХ рдЖрд╣реЗ ,UNT,NULL,
 рджрд│рднрджреНрд░реА рд╡рд┐рдЪрд╛рд░рд╛рдЪреЗ рдирд╛рд╣реА   рдЕрддрд┐рд╢рдп рдирд╛рд▓рд╛рдпрдХ рд╡реГрддреНрддреАрдЪреЗ рдЖрд╣реЗрдд  рд╕реНрд╡рддрдГ рджреЛрди рдХреБрддреНрд░реЗ рдкрдг рд╡рд┐рдЪрд╛рд░рдд рдирд╛рд╣реА рджреБрд╕рд▒реНрдпрд╛рдВрдирд╛ рдХреЛрдг рдмреЛрд▓рдд рдЕрд╕реЗрд▓ рддрд░ рдЖрд▓реЗ рдЯрд┐рдВрдЧрд▓ рдХрд░рд╛рдпрд▓рд╛ ,TIN,IND,
 рд▓рд╛рдпрдХреА рджрд╛рдЦрд╡рд▓реАрд╕  рдмреНрд░рд┐рдЧреЗрдбреА рднрдбрд╡реНрдпрд╛. рддрд╛рдХрдж? рддреБрдореНрд╣реА рд▓реЛрдХ рд╢рд░рдж рдкрд╡рд╛рд░рдЪреНрдпрд╛   рддрд▓реЗтАж ,TIN,IND,
 рдХрд╕рд▓реА рдорд╕реНрдд рдкреБрдЪреНрдЪреА рдЖрдгрд┐ рдмреЛрдЪрд╛ рдЖрд╣реЗ рд╣реАрдЪрд╛  ,TIN,IND,
 рдПрдХрдЪ рдордВрдж рдЧреЛрдкреАрдЪрдВрдж ,TIN,IND,
 рд╡рд┐рджреНрдпрд╛рд░реНрдереНрдпрд╛рдВрдЪреНрдпрд╛ рдЬреАрд╡рдирд╛рдЪрд╛ рдЦрд░рд╛ рдмрд╛рдЬрд╛рд░ рдпрд╛рдВрдиреА рдХреЗрд▓рд╛ рдЖрд╣реЗ рд╡рд┐рджреНрдпрд╛рд░реНрдерд╛рдВ рдЪреЗ рд╣реАрдд рдореНрд╣рдгреВ рдореНрд╣рдгреВ рдорд░рдгрд╛рдЪрд╛ рддреЛрдВрдбрд╛рдд рдШрд╛рддрд▓реЗ рдЖтАж ,UNT,NULL,
 рдирд╡рд┐рдЪрд╛рд░рддрд╛ рдорд╛рдЭрд╛рдЪрд╛рдЯрддреЛ рд╡рд░ рдорд▓рд╛рдЪ рдмреЛрд▓рддреЛЁЯдн рдЭрд╛рдЯ рд╡рд╛рдврд▓реА рдЖрд╣реЗ рдпреЗрддреЛ рдХрд╛ рдЙрдкрдЯрд╛рдпрд▓рд╛ 40рдкреИрд╕реЗ рджреЗрддреЛ... рдореА рдЦрд╛рдЙрдитАж ,TIN,IND,
 рдорд░рд╛рдард╛ рдЖрд░рдХреНрд╖рдгрд╛рд▓рд╛ рд╕реНрдердЧрд┐рддреА рджреЗрдгреНрдпрд╛рдд рдЖрд▓реА рдЖрд╣реЗ рдпрд╛рд╡рд░ рд╡рд┐рд░реЛрдзреА рд╡ рд╕рддреНрддрд╛рдзрд╛рд░реА рдпрд╛рдВрдиреА рдЪрд┐рдВрддрди рдХрд░рдгреНрдпрд╛рдЪреА рдЧрд░рдЬ рдЖрд╣реЗ рджрд│рднрджреНрд░реА рд░рд╛рдЬрдХрд╛рд░рдг рд╕реЛрдбрд╛тАж ,UNT,NULL,
 рдореБрд░реНрдЦрд╛ рд╕рд╛рд░рдЦреЗ рдирдХреЛрддрд┐рдереЗ рдорд░рд╛рдареА рдЕрд╕реНрдорд┐рддреЗрдЪреНрдпрд╛ рдирд╛рд╡рд╛рд╡рд░ рдлрд╛рд▓рддреВ рд░рд╛рдЬрдХрд╛рд░рдг рдХрд░реВрди рдорд╣рд╛рд░рд╛рд╖реНрдЯреНрд░рд╛рдЪреЗ рдореЛрдареЗ рдиреБрдХрд╕рд╛рди рдХрд░рдгрд╛рд░ рдЖрд╣реЗрдд рд╣реЗ рд▓реЛрдХ. рдордЧтАж ,UNT,NULL,
 рдЕрд░реНрдгрдм рдХрдВрдЧрдирд╛ рд╕рд╛рд░рдЦреЗ рд▓реЛрдХ рдореБрдВрдмрдИрдд рдпреЗрдКрди рдореБрдВрдмрдИ рдХреЛрдгрд╛рдЪреНрдпрд╛ рдмрд╛рдкрд╛рдЪреА рдирд╛рд╣реА рдЕрд╕реЗ рдорд░рд╛рдареА рдорд╛рдгрд╕рд╛рд▓рд╛ рдардгрдХрд╛рд╡реВрди рд╕рд╛рдВрдЧрддрд╛рдд рдЖрдгрд┐ рддреНрдпрд╛рдВрдЪреНрдпрд╛ рдЗрдереЗ рдзреБрдгреА рднрд╛рдВрдбреАтАж ,TIN,IND,
 рдЕрд░реНрдзреНрдпрд╛ рдЗрдВрдЪрд╛рдЪрд╛ рд▓рдВрдб рдШреЗрдКрди рддреБрд▓рд╛ рдкреЛрд░рдВ рд╣реЛрдгрд╛рд░реЗрдд рд╡реНрд╣рдп рд╣рд╛рдВрдбрдЧреНрдпрд╛ рддреБрдЭрд╛ рдЕрд░реНрдзреНрдпрд╛ рдЗрдВрдЪрд╛рдЪрд╛ рдЙрдард╛рдпрдЪреЗ рд╡рд╛рдВрджреЗ рдЖрдгрд┐ рдЧрдкреНрдкрд╛ рдкреЛрд░рдВ рдХрд╛рдврд╛рдпрдЪреА ,TIN,IND,
 рджреЗрд╡реЗрджреНрд░рдЬреАрдВрдиреА рдЕрдХреНрд╖рд░рд╢рдГ рддреЛрдВрдбрд╛рдд рднрд░рд╡рд▓реЗрд▓рд╛ рдШрд╛рд╕ рдпрд╛ рд▓рд╛ рдЧрд┐рд│рддрд╛ рдкрдг рдЖрд▓рд╛ рдирд╣реА   рдЬреЛ рдкрд░реНрдпрдВрдд рдорд╣рд╛рд░рд╛рд╖реНрдЯреНрд░ рдЬрд╛рддреАрд╡рд╛рджрд╛рдЪреНрдпрд╛тАж ,TIN,IND,
 рдорд╣рд╛рд░рд╛рд╖реНрдЯреНрд░рд╛рдЪреЗ рдорд╛рдЬреА рдореБрдЦреНрдпрдордВрддреНрд░реА рд╣рд┐рдВрджреАрдд рдХрд╛ рдмреЛрд▓рдд рдЖрд╣реЗрдд? рдЖрдкрд▓реНрдпрд╛ рднрд╛рд╡рдирд╛ рдд рд╡реНрдпрдХреНрдд рдХрд░рдгреНрдпрд╛рд╕ рд╕тАж ,TIN,IND,
 рд░рдВрдбреА рд╕рд╛рд▓реА ,TIN,IND,
 рдЪреНрдпрд╛рдпрд▓рд╛ рд╡рд░реНрдХ рдлреНрд░реЙрдо рд╣реЛрдо рдордзреНрдпреЗ рдкрдг рдСрдлрд┐рд╕рд╡рд╛рд▓реЗ рдЬреАрд╡ рдХрд╛рдврддрд╛рдд...рдПрд╡рдврдВ рдХрд╛рдо рдХрд┐ рд╕реНрд╡рддрдГрдХрдбреЗ рдкрдг рдмрдШрд╛рдпрд▓рд╛ рд╡реЗрд│ рдирд╛рд╣реА.... рдирд╢реАрдм рд▓рдЧреНрди рдирд╛рд╣реА рдЭрд╛рд▓рдВтАж ,UNT,NULL,
 рдорд▓рд╛ рдмрдВрдЧрд╛рд▓реА рднрд╛рднреА рдорд░рд╛рдареА рд╡рд╣реАрдиреАрдЪ рдЭрд╡рд╛рдбреНрдпрд╛ рдЖрд╡рдбрддрд╛рдд ,UNT,NULL,
 рдХреЗрд╕ рд╕реБрд╢рд╛рдВрддрдЪреА рд╣реЛрддреА рдЖрдгрд┐ рд╢реЗрд╡рдЯ рдХрдВрдЧрдгрд╛рдЪреЗ рд╕рдВрдбрд╛рд╕ рдкрд╛рдбреВрди рдЭрд╛рд▓реА ЁЯдг ,UNT,NULL,
 рдЙрдкреА рдЪрд╛ рдЧрд╛рдВрдЬрд╛ рдорд╛рд░реВрди рдЖрд▓рд┐рдпреЗ рд╣реА рд░рд╛рдВрдб рд╣реА рд░рд╛рдВрдб рдЖрдгрд┐ рджреЗрд╢рд╛рдЪреА рдШрд╛рдг ,TIN,IND,
 рд╣рд╛ рдорд╛рдгреВрд╕ рдЧрд▓реНрд▓реАрддрдЪ рдЧреЛрдЯреНрдпрд╛ рдЦреЗрд│реВ рд╢рдХрддреЛ рддреЗ рд╕реБрджреНрдзрд╛ рд░рдбреАрдЪрд╛ рдбрд╛рд╡ рдЦреЗрд│реВрди рд╣рд╛ рдорд╛рдгреВрд╕ рд╕реНрд╡рддрдГрдЪреА рд░реЗрдШ рдореЛрдареА рдХрд░реБрди рдирд╛рд╣реА рддрд░ рджреБрд╕тАж ,TIN,IND,
 рддреБрдЭреНрдпрд╛ рдШрд░реА рдЖрд▓рд╛ рд╣реЛрддреЛ рдХрд╛ рдорд╛рдЭрд╛ рдмрд╛рдк рдорд╛рджрд░рдЪреМрдж рдЪрд▓ рдирд┐рдШ рдмрд┐рд╣рд╛рд░реА..... ,TIN,OTH,
 рдкреЛрдорд╛рдгреЗ рдорд╛рджрд░рдЪреЛрдж рддреБрдЭреНрдпрд╛ рдЧрд╛рдВрдбреАрддреБрди рд▓рдп рдмреЗрдХрд╛рд░ рдзреБрд░рд░ рдирд┐рдШрдгрд╛рд░ рдЖрд╣реЗ..рддреВ рддреЗрд▓ рд▓рд╛рд╡реВрди рддрдпрд╛рд░реАрдд рд░рд╣рд╛. рдлреЗрдХ рдЕтАж ,TIN,IND,
 рдЕрд░реЗ рдореВрд░реНрдЦрд╛ рддреА рддрд╛рддреНрдХрд╛рд│ рдорджрдд рд╣реЛрддреА рдЬрд░рд╛ рдЬреНрдЮрд╛рди update рдареЗрд╡рдд рдЬрд╛ рд╡рд┐рджрд░реНрднрд╛рдд рдХрд┐рддреА рдорджрдд рдЧреЗрд▓реА рдЖрд╣реЗ рддреНрдпрд╛рдЪреА рдЖрдХрдбреЗрд╡рд╛рд░реА рдХрд╛рдв рдЖрдгрд┐ рд╣реЛ рдХреЛтАж ,TIN,IND,
 dj рдмреНрд░рд╛рд╡реЛ рд▓рд╛ рдХрд╛рдп рдЧреЛрдЯреНрдпрд╛ рдЦреЗрд│рд╛рдпрд▓рд╛ рдШреЗрддрд▓рд╛рдп. рдЕрдЬреВрди рдПрдХ рдУрд╡реНрд╣рд░ рдирд╛рд╣реА. ,TIN,IND,
 рдордЧ рддреБрдореНрд╣реА рдХрд╛рдп рдЧреЛрдЯреНрдпрд╛ рдЦреЗрд│рд╛рдд рд╣реЛрддрд╛ рдХрд╛ ? ,UNT,NULL,
 рддреЛрдВрдбрд╛рдд рдШрд╛рди рдЕрд╕реЗрд▓ рддрд░ рджрд╛рд░рд╛рдд рдкрди рдШрд╛рдгрдЪ рд╣реЛрдгрд╛рд░ рддреБрдЭреНрдпрд╛. ,TIN,IND,
 рд╕рд╛рд▓реА рднрд╛рдВрдб ,UNT,NULL,
 рдмрд╛рд╡рд│рдЯ рддреНрдпрд╛ рдлреЗрдХ рдЖрдпрдбреА рдХрд╛рд░реНрдб рд╡рд░ рдкреЛрд╕реНрдЯрд╛рдЪрд╛ рд╕реНрдЯреЕрдореНрдк рдиреАрдЯ рдмрдШ.. рдореБрдВрдмрдИ рд▓рд┐рд╣рд┐рд▓реЗ рдЖрд╣реЗ рддрд┐рдереЗ... 1990 рдордзреЗ рдореБрдВрдмрдИтАж ,UNT,NULL,
 рджрд▓рд┐рдВрджрд░ рдкрдХреНрд╖ рдЖрдгрд┐ рддреНрдпрд╛рдЪреЗ рднрд┐рдХрд╛рд░рдЪреЛрдЯ рдХрд╛рд░реНрдпрдХрд░реНрддреЗ рдЕрдЬреВрдирд╣реА рддреБрдореНрд╣реА рдЖрд░рдХреНрд╖рдг рдЕрди рд╕рдорд╛рд╣рд┐рддрд╛рдкреЗрдХреНрд╖рд╛ рдкрдХреНрд╖рдкреНрд░реЗрдорд╛рд▓рд╛ рдорд╣рддреНрд╡ рджреЗрдд рдЕрд╕рд╛рд▓ рддрд░  рддреБрдореНрд╣реАтАж ,TIN,GRP,
 рдХрд╛рд╣реА рджрд┐рд╡рд╕рд╛рдиреЗ рд╣рд╛ рднрд┐рдХрд╛рд░рдЪреЛрдЯ рд▓реЛрдХрд▓ рдЯреНрд░реЗрдиреНрд╕ рдордзреНрдпреЗ рдлрд╛рдЯрдХреНрдпрд╛ рдХрдкрдбреНрдпрд╛рдд рд╣реЗрдЪ рд╣рд╛рд░реНрдореЛрдирд┐рдпрдо рдШреЗрдКрди рдЧрд╛рдгрд╛рд░ рдЖрд╣реЗ. рдЖрддрд╛ рдкрд╛рд╕реВрдирдЪ practice рдЪрд╛рд▓реВ рдЖрд╣реЗтАж ,TIN,IND,
 рдЕрд░реЗ рднрд┐рдХрд╛рд░рдЪреЛрдЯ рдорд╛рдореВ  рдЫрддреНрд░рдкрддреАрдВрдЪрд╛ рд╕рдореБрджреНрд░рд╛рддрд▓рд╛ рдкреБрддрд│рд╛ рдХрд╛ рдирд╛рд╣реА рдЭрд╛рд▓рд╛? рддреНрдпрд╛рдВрдЪ рдирд╛рд╡ рдШреНрдпрд╛рдпрдЪреА рд▓рд╛рдпрдХреА рдирд╛рд╣реА рддреБрдЭреА рдмреЛтАж ,TIN,IND,
 рд╣рд╛ рдордВрдж рддреВ рдЭрд╛рд▓рд╛ рдЖрд╣реЗрд╕ рд╣реЗ рд╕рд┐рдзреНрдж рдЭрд╛рд▓рдВ рдЖрд╣реЗ..рдЖрдгрд┐ рд╡реЗрдбрд╛ рдореНрд╣рдгреВрди рддреВ рдЕрддреА рд╢рд╣рд╛рдгрд╛ рдЭрд╛рд▓рд╛ рдЕрд╕ рд╡рд╛рдЯрдд рдЖрд╣реЗтАж ,TIN,IND,
 рд╢реЗрдиреАрдХ рдордВрдж рдЖрд╣реЗрдд ,UNT,NULL,
 рдЦреВрдк рдШрд╛рдг рд╢рд┐рд╡реНрдпрд╛ рдпреЗрдд рдЖрд╣реЗрдд рдЖрддрд╛   рдпрд╛ рдкрд╛рд░рднрд╛рд╖рд┐рдХ рд░рд╛рдВрдбрд╛рдВрдЪреА рдмрд╛рдЬреВ рдШреЗрдгрд╛рд░реЗ рдирдХреНрдХреАрдЪ рд░рд╛рдВрдб рдЪреАрдЪ рдЕрд╡рд▓рд╛рдж рдЕрд╕рдгрд╛рд░ ,TIN,OTH,
 рдЪреНрдпрд╛рдпрд▓рд╛ рд╣реЛ ??  ,UNT,NULL,
 рдореБрд░реНрдЦрд╛  рдЬрд┐рдердВ рдЦрд╛рд▓реНрд▓реЗ рддрд┐рдердЪ рд╣рд╛рдЧрдгрд╛рд░реНрдпрд╛рд▓рд╛ рдЪрдкрд▓рд╛ рдирдХреЛ рдорд╛рд░рд╛рдпрд▓рд╛ рдордЧ рдХрд╛рдп рдЖрд░рддреА рдКрддрд░рд╡рд╛рдпрд▓рд╛ рд╣рд╡реА рдХрд╛рдп. ,UNT,NULL,
 рдХрдВрдЧрдирд╛рдЪреНрдпрд╛ рд╡рд╛рдЬрд╡рд▓реНрдпрд╛ рдЭрд╛рдВрдЬрд╛... ,TIN,IND,
 рддреБрдЭреНрдпрд╛ рдЖрдИ рдмрд╣рд┐рдирд┐рдЪреА рднрд╛рдбрд╝ рдЦрд╛рдд рдЖрд╣реЗ рд░реЗ рдорд┐ рдореНрд╣рдгреВрди рдореНрд╣рдгрддреЛрд╕ рддрд░ рдмрд░реЛрдмрд░ рдЖрд╣реЗ рдЖрдЬ рд░рд╛рддреНрд░рд┐ рддреБтАж ,TIN,IND,
 рдкреБрд░реЛрдЧрд╛рдореА рдирд╕рд╛рдпрд▓рд╛ рдордВрдж рд▓рд╛рдЧрдд ,UNT,NULL,
 1978 рд╕рд╛рд▓реА рдирд╛рдЧрдкрдЯреНрдЯрдгрдо рдЗрдерд▓реНрдпрд╛ рд╡рд┐рд╖реНрдгреВ рдордВрджрд┐рд░рд╛рддреВрди рдкреНрд░рднреВ рд╢реНрд░реАрд░рд╛рдо  рд╕реАрддрд╛ рдорд╛рддрд╛ рдЖрдгрд┐ рд▓рдХреНрд╖реНрдордгрд╛рдЪреНрдпрд╛ рдкреНрд░рд╛рдЪреАрди рдЖрдгрд┐ рдЕрддреНрдпрдВрдд рд╕реБрдВрджрд░ рдореБрд░реНрддреА рдЪреЛтАж ,UNT,NULL,
 рдордВрдж рд╕реИрдирд┐рдХрд╛рдВрдирд╛ рд╣реЗ рдШрдВрдЯрд╛ рдорд╛рд╣реАрдд рдЖрд╣реЗ рдХрд╛рдп рдХреБрдареЗ рдЕрд╕рддрдВ рддреЗ рдмрд╕реНрд╕ рдЬреАрдн рдЙрдЪрд▓рд╛ рдЖрдгрд┐ рд▓рд╛рд╡рд╛ рдЯрд╛рд│реНрдпрд╛рд▓рд╛ ЁЯдж ,TIN,OTH,
 рдирд╢реАрдм рдХрд╛рд╣реА рдж рд│ рднрджреНрд░реА рд▓реЛрдХ рднрд╛рд░рдд   рдкрд╛рдХрд┐рд╕реНрддрд╛рди рдмреЙрд░реНрдбрд░ рдкреНрд░рджреЗрд╢рд╛рдд рд░рд╛рд╣рдд рдирд╛рд╣реАрдд рдирд╛рд╣реАрддрд░ рдкрд╛рдХрд┐рд╕реНрддрд╛рдирд▓рд╛ рд╕реНрд╡рддрдГрдЪрд╛ рдмрд╛рдк рджреЗрд╢ рдорд╛рдирдд рд░рд╕реНрддреНрдпрд╛рд╡рд░ рдкрд╛рдХрд┐тАж ,UNT,NULL,
 рд░рд╛рдВрдб рдЖрд╣реЗ рддреА ,TIN,IND,
 рдЪреНрдпрд╛рдпрд▓рд╛ рдЕрдмрдм рдорд╛рдЭрд╛рдЪреА рдЪрдордЪреЗрдЧрд┐рд░реА рдкрд╛рд╣реВрди рдЕрд╢реНрд░реВ рдпреЗрддрд╛рдд рд░рд╛рд╡ рдбреЛрд│реНрдпрд╛рдд рдХрд╛рдп рдирд┐рд╖реНрдард╛ рдЖрд╣реЗ ,UNT,NULL,
 рд╣реЗ рдХрд╛рдп рдкрд╣рд┐рд▓реНрдпрд╛рдВрджрд╛рдЪ рд╣реЛрдд рдирд╛рд╣реАрдпреЗ 90s рдкрд╛рд╕реВрди рд░рд╛рдо рдордВрджрд┐рд░рд╛рд╕рд╛рдареА рдпреЗрдгрд╛рд▒реНрдпрд╛ рдкреИрд╢реНрдпрд╛рдВрд╡рд░ рд╕рдЧрд│реЗ рднрд┐рдХрд╛рд░рдЪреЛрдЯ рдЧрдмреНрдмрд░ рдЭрд╛рд▓реЗрдд тАж ,UNT,NULL,
 dslr рдиреЗ рдереЛрдмрд╛рдб рдЬрд░реА рдЪрдордХрд╡рд▓рдВ рддрд░реА  рджрд│рднрджреНрд░реА рдирд╢реАрдмрд╛рдЪрдВ рдХрд╛рдп.....?  ,UNT,NULL,
 рдХреБрдВрджрди рдпрд╛рдЪрд╛ рдЧрд╛рдВрдбрд┐рдд рдЬрд│рдд рд▓рд╛рдХреБрдб рдШрд╛рддрд▓ bc рд╣рд╛ рдХреЛрдг рдЖрд╣реЗ .рдмреЛрдЪрд╛ рд╣рд╛рдг рдорд╛рджрд░рдЪреЛрдж рдЪрд╛ рдпрд╛рд▓рд╛ рдореНрд╣рдгрд╛ рдкрддреНрддрд╛ рджреЗ рдЖрдпрдШрд╛рд▓реНрдпрд╛тАж ,TIN,IND,
 рдорд╣рд╛рд░рд╛рд╖реНрдЯреНрд░рд╛рддреАрд▓ рдЬрдирддреЗрд▓рд╛ рд╡реНрд╣реЗрдВрдЯрд┐рд▓реЗрдЯрд░  рдорд╛рд╕реНрдХ  рдкреАрдкреАрдИ рдХрд┐рдЯ рджреЗрдгрд╛рд░ рдирд╛рд╣реАрдд рдкрдг рдПрдХрд╛ рдорд╛рдереЗрдлрд┐рд░реВ рдмрд╛рдИрд▓рд╛ y рдЧреНрд░реЗрдб рд╕реБрд░рдХреНрд╖рд╛ рджреЗрдгрд╛рд░. ,TIN,OTH,
 рдорд▓рд╛ рдЭрд╛рдЯ рдХрд╛рдп рдХрд│рд▓реЗ рдирд╛рдп  ,UNT,NULL,
 рдЕрд░реЗ рдореБрд░реНрдЦрд╛ рдЗрдереЗ рд╕рдЧрд│реЗ рд╢рд┐рд╡рд╕реИрдирд┐рдХ рдирд╛рд╣реАрдд рдЗрдереЗ рддреЗ рдкрдг рд▓реЛрдХ рдЖрд╣реЗ рдЬреЗ рдорд╣рд╛рд░рд╛рд╖реНрдЯреНрд░рд╛рд╡рд░ рдЖрдкрд▓реНрдпрд╛ рдЬрдиреНрдорднреВрдорд┐ рд╡рд░тАж ,TIN,IND,
 рд╢рд┐рд╡рд╕реЗрдиреЗрдЪреНрдпрд╛ рд▓рдлрдбреНрдпрд╛рдд рдХрд╛рдБрдЧреНрд░реЗрд╕рдЪреА рд▓рд╛рдЧрд▓реА   рд╣рд┐рдорд╛рдЪрд▓рдордзреАрд▓ рдЕрдирдзрд┐рдХреГрдд рдмрдВтАж ,UNT,NULL,
 рдереЛрдбреА рдордирд╛рдЪреА рд╡рд╛рдЯрдд рдХрд╢реА рдирд╛рд╣реА рд░рд╛рдКрдд рд╕рд╛рд╣реЗрдм? рдЦреБрд╢рд╛рд▓ рдЕрд╕рд▓реНрдпрд╛ рджрд│рднрджреНрд░реА рд╣рд▓реНрд▓реНрдпрд╛рд▓рд╛ рдЙрд╕реНрдлреБрд░реНрдд рдкреНрд░рддрд┐рдХреНрд░рд┐рдпрд╛ рдореНрд╣рдгреВрди рдирд╛рд╡тАж ,TIN,IND,
 рдореБрд│рд╛рдд рдорд░рд╛рдареА рдЯреНрд╡рд┐рдЯрд░ рд▓рд╛ рдХреАрдб рд▓рд╛рдЧрд▓реАрдпреЗ рддреА рддреБрдЭреНрдпрд╛рд╕рд╛рд░рдЦреНрдпрд╛ рд▓реЛрдХрд╛рдВрдореБрд│реЗ. ,TIN,IND,
 рд╣реНрдпрд╛рдЪ рд╕реЗрдиреЗрдиреА рддреБрдЭреНрдпрд╛ рдмрд╛рдкрд╛рд▓рд╛ рдкрдг рдореЛрдард╛ рдХреЗрд▓рд╛ рд╡рд┐рд╕рд░рд▓рд╛ рдХрд╛ рд░реЗ рдореВрд░реНрдЦрд╛ ,TIN,IND,
 рдЪреНрдпрд╛рдпрд▓рд╛ рдЖрддрд╛ рд╕реЛрд╢рд▓ рдореАрдбрд┐рдпрд╛ рд╡рд░ рдХрд╛рд╣реА рдкрдг рдкреЛрд╕реНрдЯ рдХреЗрд▓рдВ рдХрд┐рдВрд╡рд╛ рд▓рд╛рдИрдХ рд╡рдЧреИрд░реЗ рдХреЗрд▓рдВ рддрд░ рдЕрд╕рдВ рд╡рд╛рдЯрддрдВ рдХреА рдЖрдкрдг рддреНрдпрд╛ рдЖрдкрд▓реНрдпрд╛ рдореЛрдмрд╛рдИрд▓ рд╕реНрдХреНрд░реАрдитАж ,UNT,NULL,
 рдЧреЛрдЯреНрдпрд╛ рдХрд┐рддреАрд╣рд┐ рдореЛрдареНрдпрд╛ рдЭрд╛рд▓реНрдпрд╛ рддрд░реА рддреНрдпрд╛ рд▓  рдбреНрдпрд╛рдЪреНрдпрд╛ рдЦрд╛рд▓реА рдЕрд╕рддрд╛рдд 1980 рд▓рд╛ рд╕реНрдерд╛рдкрди рдЭрд╛рд▓реЗрд▓реНрдпрд╛ рдЧреЛрдЯреНрдпрд╛рдиреЗ рдорд╛рдЬ рджрд╛тАж ,UNT,NULL,
 рднрдХреНрддрд╛рдЪреА рджрд│рднрджреНрд░реА рд╢реЗрд░рдгреА рдХреЗрдВрджреНрд░рд╛рдЪреА y+ рд╕реБрд░рдХреНрд╖рд╛ рдШреЗрд╡реВрди рдкрдг рдорд╛рдЧрдЪреНрдпрд╛ рджрд╛рд░рд╛рдиреА рдкрд│рд╛рд▓реА  ..рднрдХреНрддрд╛рдиреЛ рдХрд╕рд▓реА рддреБрдордЪреА рд╢реЗрд░рдгреА .тАж ,TIN,IND,
 рдУрдард╛рдВрд╡рд░ рдХрд╛рд│реА рдкрдЯреНрдЯреЛрдВ рд▓рд╛рд╡рдгреНрдпрд╛рдкреЗрдХреНрд╖рд╛ рддреБ рддреЛрдВрдбрдЪ рдХрд╛ рдирд╣реА рдХрд╛рд│ рдХрд░рдд рдордВрдж рдмреБрджреНрдзреА рднреЛрд╕рдбреАрдЪреНрдпрд╛. рддреБрд▓рд╛ рдлрд╛рд╕реАрдЭрдо рдЪрд╛ рдЕрд░реНрде рдХрд│тАж ,TIN,IND,
 рдорд▓рд╛ рд╡рд╛рдЯрд▓реЗ рдХреА рдорд╛рдЭреНрдпрд╛ ex рдирдВрддрд░ рдЕрдЬреВрди рджреБрд╕рд░реА рдЬрдЧрд╛рдд рдХреЛрдгреАрдЪ рдирд╕реЗрд▓.. . . . . рдордЧ рдореА рдХрдВрдЧрдирд╛ рд▓рд╛ рдмрдШрд┐рддрд▓реЗ   рдЖрдгрд┐ рдорд╛рдЭреНрдпрд╛ рдордирд╛рддреАрд▓тАж ,TIN,IND,
 рддреБрдЬрд╛рдИ рд░рд╛рдВрдб рд╕рд╛рд▓реА рддрд┐рдЪреНрдпрд╛ рдИрдЪрд╛ рджрд╛рдгрд╛  рддреБрдЭрд╛ рдмрд╛рдк рд╢рдЯрдЙрдкрдЯреНрдпрд╛  рд▓рд╡рдВрдбреВ рд╕рд╛рд▓рд╛ ,TIN,IND,
 рдЙрдард▓рд╛рд╕ рдХрд╛рдп рд░реЗ рд╣рд░рд╛рдордЦреЛрд░ рддреЗ рдорд╕реНрддреАрдЦреЛрд░ рдЖрддрд╛ рдкрдЯрд╛ рдкрдЯрд╛ рд╣рдЧ рдмреЛрдЪрд╛ рдиреАрдЯ рдкрдгреЗ рдзреВ рдЖрдгреА рдЧрдлреВрд░рдЙрджреНрджреАрди рдЪрд╛ рд╢рд╛рдпрд░реА рдЪреЛрд░ рдЕрдг рджреЗтАж ,TIN,IND,
 рдПрд▓рд┐рдЭрд╛рдмреИрде рд╡реНрд╣рдп рддреБ?? рдХреБрдард▓реА рд░рд╛рдгреА ? рдХрд╛ рдкрдкреНрдкреВ рдЦрд╛рдирдЪрд╛ рд▓рд╡рдбрд╛ рдЪреЛрд│рдирд╛рд░реА ,TIN,IND,
 рдЯрд╛рдХрд▓рд╛ рдорд╛рдореБрдЪреНрдпрд╛ рддреЛрдВрдбрд╛рдд..ЁЯе┤ ,UNT,NULL,
 рдХрд╛рд╣реА рд╕рд╛рдВрдЧреВ рд╢рдХрдд рдирд╛рд╣реА рд╣реНрдпрд╛ рдордВрдж рд╕реИрдирд┐рдХрд╛рдВрдЪрдВ  рдЖрдЬ рд╕рдХрд╛рд│реА рдХрд╛рд╣реА рдЬреНрдпреЗрд╖реНрда рд▓реЛрдХрдВ рднреЗрдЯрд▓реЗ рдореЙрд░реНрдирд┐рдВрдЧ рд╡реЙрдХ рд▓рд╛ рдЬреНрдпрд╛рдВрдирд╛ рдЦрд╛рддреНрд░реАтАж ,TIN,OTH,
 рдЪреЛрдореНрдпрд╛ рддреЗ рдореЛрд░рд╛рд▓рд╛ рджрд╛рдгреЗ рдШрд╛рд▓рдгрд╛рд▒реНрдпрд╛ рдмрд╛рд╡рд│рдЯ рдорд╛рдгрд╕рд╛рд▓рд╛ рд╢рд┐рдХрд╡ рдЖрдзреА ,TIN,IND,
 рдирдХреНрдХреАрдЪ рднрд╛рдК рдорд╣рд╛рд░рд╛рд╖реНрдЯреНрд░рд╛рдд рдлрдХреНрдд рдорд░рд╛рдареАрдЪ рд╡рд╛рдкрд░рд▓реА рдЧреЗрд▓реА рдкрд╛рд╣рд┐рдЬреЗ рдЖрдгрд┐ рдкрд░реНрдпрд╛рдпрд╛рдиреЗ рдЗрдВрдЧреНрд░рдЬреАтАж ,UNT,NULL,
 рдкреЛрд░реА рдкрд│рд╡реНрдпрд╛ рд░рд╛рдореНрдпрд╛ kon lagto re рдЖрдИрдШрд╛рд▓реНрдпрд╛ рддреБ рд╕рд╛рдВрдЧрдгрд╛рд░ рдХрд╛ ,TIN,IND,
 рдЖрдИрдШрд╛рд▓реНрдпрд╛ рдХрд╛рдп рдмрдбрдмрдбрд▓рд╛ рдХрд╛рд╣реАрдЪ рдирд╛рд╣реА рдХрд│рд▓рдВ   ЁЯдг рдЪреВрд╣реЗ рд╣реЛ  рдореНрд╣рдгреЗ   рдЖрдгрд┐ рддреНрдпрд╛рдВрдиреАрдЪ 105 рдШрд░реА рдмрд╕рд╡рд▓реЗ ЁЯдгЁЯдг ,TIN,IND,
 рдордзреЗрдЪ рдлреЛрдирдВ рдбрд┐рд╕рдХрдиреЗрдХреНрдЯ рд╡реНрд╣рд╛рдпрд▓реЗрдд рдЕрди рд╣реЗ  рд╡реНрд╣реА рд╡реНрд╣реА  рдХрд░рдд рджрд┐рд╡рд╕рднрд░ рдбреЛрдХреНрдпрд╛рдЪрд╛ рднреБрдЧрд╛ рдХрд░рд╛рдпрд▓реЗрдд. рдЕрд╣реЛ  рдЬрд╛рд╣рд┐рд░рд╛рддреАрд▓рд╛ рдПрд╡рдврд╛ рдЦрд░реНрдЪрд╛ рдХрд░рдгреНрдпрд╛рдкреЗрдХреНрд╖рд╛тАж ,TIN,IND,
 рдП рдЕрд░реНрдзрд╡рдЯ  рдХрд╛рдп рд╡рдЯрд╡рдЯ рд▓рд╛рд╡рд▓реА рдЖрд╣реЗрд╕ рдЙрдЧрд╛рдЪ? рд╡рд┐рджрд░реНрднрд╛рдд рдХрд┐рддреАтАж ,TIN,IND,
 рдлрдХреНрдд  рдмреНрд░рд╛рд╣реНрдордг  рдореНрд╣рдгреВрди рддреНрдпрд╛рдВрдирд╛ рд╡рд┐рд░реЛрдз рдХрд░рдгрд╛рд░реЗ  рдлрдбрдгрд╡реАрд╕ рддреБрдордЪреНрдпрд╛ рдХрдбреЗ рдЖрд░рдХреНрд╖рдг рдорд╛рдЧрддреЛрдп рддреБрдордЪреА рдмрд╛рдпрдХреЛ рдирд╛рд╣реА рдЕрд╢реНрдпрд╛ рдЦрд╛рд▓рдЪреНрдпрд╛ рд▓реЗрд╡реНрд╣рд▓тАж ,TIN,IND,
 рд╡рд╛рдж рдХреЛрдгрддрд╛рд╣реА рдЕрд╕реЛ рдпрд╛ рдЪреБ   рдирд╛ рд╢рд┐рд╡рд╛рдЬреА рдорд╣рд╛рд░рд╛рдЬрд╛рдВрдЪреЗ рдирд╛рд╡ рдШреЗрддрд▓реНрдпрд╛ рд╢рд┐рд╡рд╛рдп рдХрд░рдорддрдЪ рдирд╛рд╣реА.... тАж ,TIN,IND,
 рд╕рд╣рдордд  рд╡реИрдЪрд╛рд░рд┐рдХ рджрд│рднрджреНрд░реА рдкрдг рдиреБрд╕рддрд╛ ,UNT,NULL,
 рдпрд╛рдВрдирд╛ рдХреЛрдг рд╕рд╛рдВрдЧрдгрд╛рд░ рд╣реЛ .. рдореВрд░реНрдЦрд╛ рдмрд░реЛрдмрд░ рд╡рд╛рджрд╡рд┐рд╡рд╛рдж рдЖрдкрд▓реНрдпрд╛рд▓рд╛ рдореВрд░реНрдЦ рдмрдирд╡рддрд╛рдд  рдЖрдкрдг рдпрд╛рдВрдЪреАтАж ,UNT,NULL,
 рдЦрдВрдбреВ  рдЕрд╣реЛ... рддреЗ рдкреБрдврдЪреНрдпрд╛ рд╕рд░рдХрд╛рд░рдордзреНрдпреЗ рдорд▓рд╛ рдкрд╛рдХреАрдЯ рдорд┐рд│реЗрд▓ рдирд╛... ? рдХрд╛рдХ  рдореВрд░реНрдЦрд╛ рд╣реЗ рд╕рд░рдХрд╛рд░ рдЯрд┐рдХрд╡рд╛рдпрдЪреА рдЧрд░рдЬ рдЖрд╣реЗ... рдкрд│ рддрд┐рдХрдбреЗ ,UNT,NULL,
 рдкреНрд░рд╡рд╛рд╕рд╛рдд рдЕрд╕рддрд╛рдВрдирд╛ рддреНрдпрд╛рдиреЗ рдЪрдбреНрдбреАрдЪреНрдпрд╛ рд╡рд░реВрди рдкреЕрдиреНрдЯ рд╕реБрджреНрдзрд╛ рд▓рд╛рд╡рд▓рд╛ рд╣реЛрддрд╛.. рдкрдг  рдкрд╛рджрд▓рд╛ рдмрд┐рдЪрд╛рд░рд╛  рд╡рд╛рдпрд░рд╕ рдиреЗ рд╕рд░реНрд╡рд╛рдВрдЪреНрдпрд╛ рдирд╛рдХрд╛рддтАж ,TIN,IND,
 рдЪрд╣рд╛ рдЭрд╛рд▓рд╛ рдердВрдб рдХреБрд╢рд▓ рдорд╛рдЭрд╛ рд▓рдВрдб рдЖрд╣реЗ рддреЗ  ,UNT,NULL,
 рдореБрд░реНрдЦрд╛ рдХрдВрдЧрдирд╛ рд╕реЛрдирд┐рдпрд╛рд▓рд╛ рд░рд┐рдкреНрд▓реЗрд╕ рдХрд░рд╛рдпрд▓рд╛ рдЖрд▓реА рдЖрд╣реЗ .. ЁЯдг рдХрд╕рд▓рд╛ рдбреЛрдорд▓реНрдпрд╛рдЪрд╛ рдЯреАрд╡реНрд╣реА рдкреЕрдирд▓рд┐рд╕реНрдЯ рддреВ ЁЯдФ ,TIN,IND,
 рдордВрдж рдмреБрджреНрдзреАрдЪреЗ рдкреНрд░рд╛рдгреА рдлрд╛рд░ рднрдЯрдХрдд рдЖрд╣реЗрдд.рдЬрд░рд╛ рддреЛрдВрдбрд╛рд▓рд╛ рд▓рдЧрд╛рдо рд▓рд╛рд╡рд╛. рдЬрд╛рддреАрдпрд╡рд╛рджреА рдмреЛрд▓рдгреНрдпрд╛рдкреЗрдХреНрд╖рд╛ рдорд░рд╛рдард╛ рд╕рдорд╛рдЬрд╛рд▓рд╛ рдкрд╛рдареАрдВрдмрд╛ рджреНрдпрд╛.тАж ,TIN,IND,
 рддреБрдореНрд╣реА рддреНрдпрд╛ рднрд┐рдХрд╛рд░рдЪреЛрдЯ рдХрдВрдЧрдирд╛ рд╕рд╛рдареА рдЙрдард╕реВрдЯ рдЖрдордЪреНрдпрд╛ рд░рд╛рдЬрд╛рдЪрдВ рдирд╛рд╡ рдордзреНрдпреЗ рдЖрдгреВ рдирдХрд╛. рдЕрд╕рдВ рдУрдг рддреБрдореНрд╣рд╛ рдЙтАж ,TIN,IND,
 рддреВ рддреЛрдВрдб рдордбрдХреНрдпрд╛рдд рдШрд╛рд▓реВрди рдмреЛрд▓рдд рдЖрд╣реЗрд╕ рдХрд╛ рдордВрдж рдорд╛рдгрд╕рд╛...2014 рд▓рд╛ рд▓рд╛рдЪрд╛рд░реА рдХреЗрд▓реА рд╣реЛрддреА рдХрд╛рдБрдЧреНрд░реЗрд╕ рдХрдбреЗтАж ,TIN,IND,
 рдирд┐рд▓реНрдпрд╛ рддреБ рд▓рд╣рд╛рди рдЖрд╣реЗрд╕ рдЕрдЬреБрди рддреБрдЭреНрдпрд╛ рдорд╛рдкрд╛рдЪреА рд╣рд╛рдл рдЪрдбреНрдбреА рдмрдирд▓реА рдирд╛рдп рдореНрд╣рдгреБрди рддреБ рдЖрдкрд▓реНрдпрд╛ рдЧреЛрдЯреНрдпрд╛ рдЧреЛрдЯреНрдпрд╛ рдЦреЗрд│ рдирд╕рд▓реНрдпрд╛ рддреНрдпрд╛ рдЙрдЪрд╛рдкрд╛рддреНрдпрд╛ рдирдХреЛтАж ,TIN,IND,
 рдЖрдмреЗ рдЪреЛрдореНрдпрд╛ рджрд╛рдгреЗ рдЯрд╛рдХрдгреНрдпрд╛ рдкреЗрдХреНрд╖рд╛ рдкрддреНрд░рдХрд╛рд░ рдкрд░рд┐рд╖рдж рдХрд╛ рдирд╛рд╣реА рдШреЗрддрд▓реА рдмрд╛рд╡рд│рдЯтАж ,TIN,IND,
 рднрдбрд╡реНрдпрд╛ whatsapp рд╡рд░рдЪ рдРрдХреВрди рдЗрде рд╣реЗрдкрд▓реВ рдирдХреЛ. рд░рд╛рдЬрдШрдЯрдирд╛  рд╕рдВрд╡рд┐рдзрд╛рди   рд╕рд░рдХрд╛рд░реА рдирд┐рдпрдо рд╡рд╛рдЪрдд рдЬрд╛. рдЧреБтАж ,TIN,IND,
 рдЪреНрдпрд╛рдпрд▓рд╛ рд╣реЗ рдпреЗрдбрдЭрд╡реЗрдЪ рдЖрд╣реЗ рд╡рд╛рдЯрдд рд╡рд┐рд░реЛрдзреА рдкрдХреНрд╖ рдиреЗрддрд╛ рдореНрд╣рдгреВрди рднрд╛рд╡ рджрд┐рд▓рд╛ рддрд░реА рд░рдбрддрдп рдирд╛рд╣реА рджрд┐рд▓рд╛ рддрд░реА рд░рдбрддрд╛рдд рд╕рд╛рд▓реЗ ,TIN,OTH,
 рдмреЗрдХрд╛рдпрджрд╛ рдСрдлрд┐рд╕ рддреЛрдбрд▓рдВ рдЖрд╣реЗ рдХрдВрдЧрдирд╛рдЪрдВ рдЖрдгрд┐ рдЪрд╡рддрд╛рд│рд▓реЗрдд рдЦрд╛рд▓реНрдпрд╛ рдорд┐рдард╛рд▓рд╛ рддрд░реА рдЬрд╛рдЧрд╛ рд░реЗ рдбреБрдкреНрд▓рд┐рдХреЗрдЯ рдмрд┐рд╣рд╛рд▒реНрдпрд╛рдВрдиреЛ. рдЬрдп ,TIN,OTH,
 рдХрд╛рд╣реАрдЬрдг  рдЬрд╛рдд  рд▓рд┐рд╣рддрд╛рдирд╛  рд╢реБрджреНрдз  рдЕрд╕рд╛ рд╢рдмреНрдж рд╡рд╛рдкрд░рддрд╛рдд рдЬрд╕реЗ рдХрд╛рдп рд╕рд░реНрдл рдПрдХреНрд╕реЗрд▓ рд╡рд╛рдкрд░реВрди рдЬрд╛рдд рдзреБрддрд▓реЗрд▓реА рдЕрд╕рддреЗ. рддреБрдордЪреА рддреА рд╢реБрджреНрдз рдЖрдгрд┐ рдмрд╛рдХреАрдЪреНрдпрд╛рдВтАж ,UNT,NULL,
 рдЭрд╡реВ рджреЗрд╕ рдХрд╛ рд░рд╛рдВрдб ,UNT,NULL,
  рдЕрд░реЗ рдХрд╕рд╛ рд░реЗ рддреВ рдЗрддрдХрд╛ рдордВрдж рд╣реАрдВрджрд┐рдЪрд╛ рдЪрд╛рдЯреВрдХрд╛рд░  рдордВрджрдмреБрджреНрдзреАрдордзреЗ рддреБрдореНрд╣реА рднреИрдпреНрдпреЗ рд▓реЛрдХ рднрд╛рд░рддрд╛рдд рд╕рд░реНрд╡рд╛рдд рдкреБрдвреЗ  amp  рдЗрддтАж ,TIN,OTH,
 рдЖрдорд╛рд▓рд╛ рдкрдг рдмреЛрд▓рд╡ рдХрдзреА рддрд░реА рддреВрдЭреНрдпрд╛ рднреЛрдХрд╛рдд рд▓рд╡рдбрд╛ рдШрд╛рд▓рд╛рдпрд▓рд╛ ,TIN,IND,
 рдЙрджреНрдзрд╡ рдард╛рдХрд░реЗ рдпрд╛рдВрдирд╛ рдПрдХреЗрд░реА рд╕рдВрдмреЛрдзрд▓рдВ рдореНрд╣рдгреВрди рд╣рдХреНрдХрднрдВрдЧ рдЖрдгрд▓реНрдпрд╛ рдЬрд╛рддреЛ рдордЧ рдлрдбрдгрд╡реАрд╕ рдореБрдЦреНрдпрдордВрддреНрд░реА рдЕрд╕рддрд╛рдирд╛ рддреНрдпрд╛рдВрдирд╛ рд╢рд░реАрд░рд╛рд╡рд░реБрди рд╡рд┐рд░реЛрдзрдХ рдЯрд░рдмреВрдЬтАж ,TIN,NULL,?
 рдЪреНрдпрд╛рдпрд▓рд╛ рд░рд╛рдЬрднрд╡рди рд╣реЗ рдЯрдкрд░рд┐рд╡рд░ рд╕рд┐рдЧрд░реЗрдЯ рдкрд┐рдгреНрдпрд╛ рд╕рд╛рд░рдЦ рдЭрд╛рд▓рдп ...  рдХреБрдгреА рд╣реА рдЙрдардд рди рдЬрд╛рдд .ЁЯдгЁЯдг ,UNT,NULL,
 b  рднрд╛рдбреНрдпрд╛рдЪреА m  рдорд╛рджрд░рдЪреЛрдж c  рдХреЙрд░реНрдкреЛрд░реЗрд╢рди ,TIN,GRP,
 рдмреЗрдбреНрд╕ рдорд┐рд│рдд рдирд╕рд▓реНрдпрд╛рдиреЗ .... ?? рд╕рдЧрд│реА рдЬрдВрдмреЛ рд╕реЗрдВрдЯрд░ рдлрдХреНрдд рдЧреЛрдЯреНрдпрд╛ рдЦреЗрд│рд╛рдпрд▓рд╛ рдЙрднреА рдХреЗрд▓реА рдЖрд╣реЗрдд рдХрд╛ ? рдкрд╛рд╕реВрдитАж ,UNT,NULL,
 рд░рд╛рдКрдд рдХрдВрдЧрдирд╛рд▓рд╛ рд╣рд░рд╛рдордЦреЛрд░ рдореНрд╣рдгрд╛рд▓реЗ  рдХрдВрдЧрдирд╛ рддреБрдореНрд╣рд╛рд▓рд╛ рдмрд╛рдмрд░ рдореНрд╣рдгрд╛рд▓реА. рдЬрд╢рд╛рд╕ рддрд╕реЗ  рддреБрдореНрд╣реА рддрд░ рддреЛрдВрдбрд╛рдд рд╡рд┐рд╖ рдШреЗрдКрди рд╕рддрдд рднреБрдВрдХрдд рдЕрд╕рддрд╛ рдордЧ рдЖтАж ,TIN,IND,
 рдорд╣рд╛ рдирд╛рд▓рд╛рдпрдХ ,UNT,NULL,
 рдХрд╛рд░реЗ рдЪреЛрдХреНрдпрд╛  рдЧреЗрд▓реНрдпрд╛ рдХрд╛ рдЧреЛрдЯреНрдпрд╛ рдХрдкрд╛рд│рд╛рдд рддреБрдЬреНрдпрд╛ рджрд▓рд┐рдВрджрд░ рдЖрдгрд┐ рджрд▓рд╛рд▓ рдХреБрддреНрд░рдХрд╛рд░ рдЖрд╣реЗ рддреВ ,TIN,IND,
 рдЕрд░реЗ рджрд│рднрджреНрд░реА рдХреБрддреНрд░реНрдпрд╛рдВрдиреЛ рддреНрдпрд╛рдЪрд╛ резреж рд╡рд░реНрд╖реЗ рдЬреБрдирд╛ рдлреЛрдЯреЛ рдкреЛрд╕реНрдЯ рдХрд░реВрди рддреНрдпрд╛рд▓рд╛ рдЗрдВрдиреЛрд╕реЗрдиреНрдЯ рджрд╛рдЦрд╡рд╛рдпрдЪрд╛ рдкреНрд░рдпрддреНрди рдХрд░реВ рдирдХрд╛..тАж ,TIN,GRP,?
 рддреВ рдирдХреЛ рдорд▓рд╛ рд╢рд┐рдХрд╡реВ рдорд╣рд╛рд░рд╛рд╖реНрдЯреНрд░ рдХрд╕рд╛ рд▓рд┐рд╣рд╛рдпрдЪрдВ  рдЖрдгрд┐ рддреБрдЬрд╕рд╛рд░рдЦреЗ рдотАж ,TIN,IND,
 рддреБрдЬрд╛рдИрдЪреЗ рдмреЙрд▓ рддрд░ рд▓рдИ рдЪрд╛рдЯрд▓реЗ рдЖрд╣реЗ рдкреЛрд░рд╛рдВрдиреА  рдЬрд╛рдКрди рдкрд╛рдп рдЬрдЦрдорд╛ рдЭреНрд╣рд╛тАж ,TIN,IND,
 рдореВрд░реНрдЦрд╛  рдордЧ рдореА рдореБрдВрдмрдИрдд рдХрд╛рдо рдХрд░рддреЛ рдЖрдгрд┐ рдореА рдмреЛрд▓рд╛рдпрд▓рд╛ рдШрд╛рдмрд░рддреЛ рдЕрд╕рдВ рдХрд╢рд╛рд▓рд╛ рд▓рд┐рд╣рд┐рд▓рдВ? рдордЧ рдЪрд┐рдХрдЯрдкрдЯреНрдЯреА рднреБрдВрдбреНрдпрд╛рд▓рд╛ рд▓рд╛рд╡рд╛рдпрдЪреА рдирд╛ ,TIN,IND,
 рдордЧ рдорд╣рд╛ рд╡рд┐рдХрд╛рд╕ рдЖрдШрд╛рдбреА рд╕рд░рдХрд╛рд░ рдХрд╛рдп рдЧреЛрдЯреНрдпрд╛ рдЦреЗрд│рдд рд╣реЛрддрд╛ рд▓рд╛ рддреНрдпрд╛рдВрдирд╛ рд╕рдЧрд│рдВ рддрдкрд╛рд╕тАж ,TIN,GRP,
 рд╕рд░ рд▓рд╡рдбрд╛ рд▓рд╕реВрдг рдореНрд╣рдгрд╛рдпрдЪрдп рдХрд╛ рддреБрдореНрд╣рд╛рд▓рд╛  ,TIN,IND,
 рдХрд╛рд╣реА рдореЛрдЬрдХреА рдорд░рд╛рдареА рдиреНрдпреВрдЬ рдЪреЕрдирд▓ рд╡рдЧрд│рддрд╛ рд░рд╛рд╖реНрдЯреНрд░реАрдп рд╕реНрддрд░рд╛рд╡рд░реАрд▓ рдмрд╣реБрддреЗрдХ рд╕рд░реНрд╡ рдиреНрдпреВрдЬ рдЪреЕрдирд▓ рдЙрджреНрдзрд╡рд╛рдЪреНрдпрд╛ рддреЛрдВрдбрд╛рдд рдЕрдХреНрд╖рд░рд╢рдГ рд╢реЗрдг рдШрд╛рд▓рдд рдЖрд╣реЗтАж ,UNT,NULL,
 рдЕрдЧ рдЭрд╡рд╛рдбрд╝реЗ рдЖрдИ рдпрд╛ рд╢рдмреНрджрд▓рд╛ рдХрд╛ рдХрд▓рдВрдХ рд▓рд╛рд╡рддреЗ рддреБрдЭреНрдпрд╛ рдкреБрдЪреАрд▓рд╛ рдПрд╡рдбреАрдЪ рдЦрд╛рдЬ рдЖрд╣реЗ рддрд░ рд░рдВрдбреА рдЦрд╛рдиреНрдпрд╛рдд рдЬрд╛ рдирд╛ рдЙрдЧрд╛рдЪ рдХрд╢рд╛рд▓рд╛ рддреНрдпрд╛тАж ,TIN,IND,
 рд╣реЛ рдХрд╛ рдЧреЛрдЯреНрдпрд╛ рдЪреЛрд│реНрдпрд╛ рднрд╛рдИ  ,TIN,IND,
 рднрдВрдЧрд╛рд░ рдХреЗрдВрджреНрд░ рд╕рд░рдХрд╛рд░ рдЖрдирдВ рддреНрдпрд╛рдВрдЪ рдЧрдЯрд╛рд░ рд░рд╛рдЬрдХрд╛рд░рдг. рдЭрд╛рдЯ рдХрд╛рдп рд╕рд╛рдкрдбрддрдп рдХрд╛рд░рдг рдЖрддреНрдорд╣рддреНрдпреЗрдд рдХрд╛рдп рд╕рд╛рдкрдбрдиреНрдпрд╛рд╕рд╛рд░рдЦ рдирд╛рд╣реАрдЪ. ,TIN,GRP,
 рдЖрдИрдЭрд╡рд╛рдбреНрдпрд╛  рд╣реА рдкрддреНрд░рдХрд╛рд░ рдкрд░рд┐рд╖рдж рд╣реЛрддреА рдХрд╛? рд░рд╢реНрдореАрдЪреНрдпрд╛ рдкрд▓реНрд▓реВрдордзреНрдпреЗ рдЧрдкреНрдк рдмрд╕рдгреЗ. ,TIN,IND,
 рдорд░рд╛рдареНрдпрд╛рдВрдЪрд╛ рдПрдХ рдкрдг рдордд рджрд│рднрджреНрд░реА рднрд╛рдЬрдкрд▓рд╛ рдЬрд╛рдгрд╛рд░ рдирд╛рд╣реА. ,TIN,GRP,
 рдЖрд░рдХреНрд╖рдг рдорд╛рдЧрддреЛрдп рдмрд╛рдпрдХреЛ рдирд╛рд╣реА рдореНрд╣рдЯрд▓реНрдпрд╛рдирдВрддрд░ рд╕реБрджреНрдзрд╛ рдЪрд╛рдХрд░ рдЕрдХреНрд╖рд░ рди рдХрд╛рдврдгрд╛рд░реЗ рдлрдбрдгрд╡реАрд╕ рдЖрдгрд┐ рднрд╛рдЬрдк рдХреБрдареЗ рдЖрдгрд┐ рд╣реЗ рд╡рд┐рджреНрдпрдорд╛рди рджрд│рднрджреНрд░реА рдХреБрдареЗ. ,TIN,IND,
 рд╡рд░ рд░рд╛рдЬрдХрд╛рд░рдг рдХрд░реВрди рдиреЗрддреЗ рдЭрд╛рд▓реЗрд▓реА рд╕реЛрд╢реАрд▓ рдХреБрддреНрд░реА  рдмрд╣реБрддреЗрдХ рдереЛрд░рд▓реНрдпрд╛ рд╕рд╛рдпреЗрдмрд╛рдЪрдВ рд▓реЗрдВрдбреВрдХ рддреЛрдВрдбрд╛рдд рдЧрд┐рд│реВрди рдЧрдкреНрдк рдЖрд╣реЗрдд. ,,NULL,?
 рддреБрдЭреНрдпрд╛ рдЧрд╛рдВрдбрд┐рдд рдХреЗрд│ рдШрд╛рддрд▓ рднреЗрдиреНрдЪреЛрдж рддреБрдЭреНрдпрд╛ рд╢реЗрдЯ рдХрд╛рдп рдЭрд┐рдВрдирдкрд┐рдВрдЧ рддреЛрдВрдбрд╛рддтАж ,TIN,IND,
 рддреЛ рдПрдХ рдЭрд╛рдЯреНрдпрд╛ рдЖрд╣реЗрдЪ. рдкреВрд░рдЧреНрд░рд╕реНрдд рд▓реЛрдХрд╛рдВрдирд╛ рдлрдХреНрдд резрем рдХрд░реЛрдб рдЪреЗ рдкреЕрдХреЗрдЬ рджреЗрдКрди рдЖрдкрд▓рд╛ рд╡рд┐рджрд░реНрднрджреНрд╡реЗрд╖ рджрд╛рдЦрд╡рд▓рд╛рдЪ.тАж ,TIN,IND,
 рдореВрд░реНрдЦрд╛ рдореБрдВрдмрдИрдд рдирд╛рд╡ рдЖрдгрд┐ рдкреИрд╕рд╛ рдХрдорд╡рдд рдЖрд╣реЗ рддрд░реА рдПрд╡рдвреА рдорд░рд╛рдареА рдирд╛рд╣реА рдпреЗрдд рддреБрд▓рд╛ рдЧрд╛рдврд╝рд╡рд╛ред ,TIN,IND,
 рдХрд╛рдп рд░реЗ рднрдбрд╡реНрдпрд╛ рдЖрдордЪреНрдпрд╛ рд╕рд╛рддрд╛рд░реНрдпрд╛рдд рд╕рд╣рдЬрд╡рд╛рд░реА рднрдбрд╡реНрдпрд╛ рдореНрд╣рдгрддрд╛рдд ,TIN,IND,
 рдЕрд░реЗ рдореБрд░реНрдЦрд╛ рд╕рдВрдЬрдп рд░рд╛рдКрдд  рдирд╛рд▓рд╛рдпрдХрд╛  рдЗрддрдХрд╛ рддреБрд▓рд╛ рд╕рддреНрддреЗрдЪрд╛ рдорд╛рдЬ. рддреБ mp рдЖтАж ,TIN,IND,
 рджрд│рднрджреНрд░реА рд╕рд░рдХрд╛рд░. рдмрдЯреНрдпрд╛рдмреЛрд│ рдХрд╛рд░рднрд╛рд░ ,TIN,GRP,
 рдЪреНрдпрд╛рдпрд▓рд╛ рд╣реЗ рдХрд╛рдп рдмреЗ рдЯреЛрд│реА рдореБрдХрд╛рджрдо рдореНрд╣рдгрдЬреЗ ?  ,UNT,NULL,
 рдлрдХреНрдд рдЯреАрдЖрд░рдкреА рд╣реЗрдЪ рдкреНрд░рд╛рдзрд╛рдиреНрдп  рддреЛрдЪ рдЦрд░рд╛ рдзрдВрджрд╛. рдкрд╣рд┐рд▓рд╛ рдирдВрдмрд░ рдХреЛрдгрд╛рдЪрд╛ рд╣реНрдпрд╛рдЪрд╕рд╛рдареА рдЕрдЯреНрдЯрд╣рд╛рд╕  рдмрд╛рдХреА рд╕рдЧрд│рдВ рдлрд╛рдЯреНрдпрд╛рд╡рд░. рд▓реЛрдХрд╛рдВрдирд╛ рд╣реА рдЕрдХреНрдХрд▓ рдирд╛рд╣реАрдд  рд╣реЗтАж ,UNT,NULL,
 рдЕрд░реЗ рднреБрд░рдЯреНрдпрд╛ рд▓рд╛рдЪрд╛рд░ рдЧреБрд▓рд╛рдо рдорд╛рдгрд╕рд╛ рдлрд╕рд╡реЗ рдЖрд░рдХреНрд╖рдг рдЖрдШрд╛рдбреА рд╕рд░рдХрд╛рд░ рдиреЗ реирежрезрек рдордзреНрдпреЗ рджрд┐рд▓реЗ рд╣реЛрддреЗ ..рдлрдбрдгрд╡реАрд╕ рд╕рд░рдХрд╛рд░рдиреЗ рдЬреЗ рдЖрд░рдХреНрд╖тАж ,TIN,IND,
 рд░реЛрдЬ рдпреЗрддреЛ рдЗрдереЗ рдмрд╛рд╡рд│рдЯ ,TIN,IND,
 рднрд╛рдЬрдкрдЪрдВ рджрд│рднрджреНрд░реА рд░рд╛рдЬрдХрд╛рд░рдг. ,TIN,GRP,
 last song for рдПрдХ рджрд┐рди рдорд░ рдЬрд╛рдпреЗрдЧрд╛ рдХреБрддреНрддреЗ рдХреА рдореЛрдд рдЬрдЧ рдореЗрдВ рдХрд╣реЗрдВрдЧреЗ рдорд░ рдЧрдпрд╛ рдорд╛рджрд░рдЪреЛрдж рд▓рд╛ рд▓рд╛ рд▓рд╛ рд▓рд╛ рд▓рд╛тАж ,TIN,IND,
 рдЖрддрд╛ рддреБрд▓рд╛ рдЖрд░рдХреНрд╖рдгрд╛рдЪреЗ рд╕рд╛рдзреЗ рдлрд╛рдпрджреЗ рд╕рдордЬрдд рдирд╛рд╣реАрдд рд╣реЗ рдкрд╛рд╣реВрди рдмрд╛рд╣реЗрд░рдЪреЗ рд▓реЛрдХ рд╕рдордЬреВрди рдШреЗрдгрд╛рд░ рдХрд┐рддреА рдордВрдж рд▓реЛрдХ рдЖрд╣реЗрдд рдорд╣рд╛рд░рд╛тАж ,TIN,IND,
 122 рддреЗрд╡реНрд╣рд╛ рдХрд╛рдп рдЧрд╛рдВрдбреАрдд рдЦреБрдВрдЯрд╛ рдШрд╛рд▓реВрди рдмрд╕рд▓реЗ рд╣реЛрддреЗ рдХрд╛ рддреЗрд╡реНрд╣рд╛ рдкрдг рд╣рд┐рдЬрдбреЗ рдЖрдгрд┐ рдЖрддрд╛рдЪреЗ 105 рдкрдг рд╣рд┐рдЬрдбреЗтАж ,UNT,NULL,
 рдореБрд░реНрдЦрд╛  рддреБрд▓рд╛ рдЬрд░ рдорд░рд╛рдареА рд╕рдордЬрдд рдирд╕реЗрд▓ рддрд░ рдмрдбрдмрдб рдХрд░рдд рдЬрд╛рдК рдирдХреЛ. ,TIN,IND,
 рдкреВрд░реНрд╡ рд▓рдбрд╛рдЦрдордзреАрд▓ рдореБрдЦрдкрд░реА рдпреЗрдереЗ рдкреНрд░рддреНрдпрдХреНрд╖ рддрд╛рдмрд╛рд░реЗрд╖реЗрдЬрд╡рд│ рд╕реЛрдорд╡рд╛рд░реА рдЬрдорд▓реЗрд▓реЗ рдЪрд┐рдиреА рд╕реИрдиреНрдп. рднрд╛рд▓реЗ  рд▓реЛрдЦрдВрдбреА рд╢рд┐рдЧрд╛ рдЖтАж ,,NULL,
 рдкрд╛рдЯрд▓реАрдиреА рдЪрд╛ рдмреЛрдЪрд╛ рдкрд╣рд┐рд▓рд╛ рдЖрддрд╛ рдЭреЛрдк рдпреЗрдИрд▓ ,TIN,IND,
 рддреБрдЭреА рдФрдХрд╛рдд рдирд╛рд╣реАрдП рдмрд╛рд╡рд│рдЯ рдкреЛрд░реА   рдорд╣рд╛рд░рд╛рдЬрд╛рдВрдЪрд╛ рдПрд╡рдврд╛ рдЕрдкрдорд╛рди рдЖрдгреА рдЖрдкрд▓реАрдЪ рдорд░рд╛рдареА рднрдпреНрдпреЗ рд╕рдкреЛрд░реНрдЯ рдкрдг рдХрд░рддрд╛рдп. рджреБрд░реНрджреИрд╡ рдЖрдкрд▓рдВ ,TIN,IND,
 рдЪреНрдпрд╛рдпрд▓рд╛ рд╕рддреНрддрд░рд╛рд╡рд╛ рд▓рд╛рдИрдХ рдорд╛рдЭрд╛ рд╣реЛрддрд╛  ,UNT,NULL,
 рднрд╛рдК рд▓рд╛рд╡рдбрд╛  рдмрд╛рдк рд▓рд╕реВрдг  рдорд╛рдорд╛ рдЖрдВрдб  рдХрд╛рдХрд╛ рдЧреЛрдЯреНрдпрд╛ рднрд▓реЗ рдЕрд╕реЗрд▓ рддреНрдпрд╛рдЪрд╛ рдЖрдордЪреНрдпрд╛ рд╕рд╛рд░рдЦреНрдпрд╛ рд╕рд╛тАж ,UNT,NULL,
 рднрд┐рдХрд╛рд░рдЪреЛрдЯ рдЬрд░рд╛ рдбреЛрд│реЗ рдЙрдШрдбреВрди рдмреЛрд▓ ,TIN,IND,
 рдЬреНрдпрд╛ рднрд┐рдХрд╛рд░рдЪреЛрдЯ рдорд╛рдгрд╕рд╛рд▓рд╛ рдмреБрд▓реЗрдЯрд╡рд░реВрди рджреВрдз рд░рддреАрдм рдШрд╛рд▓рдгрд╛рд▒реНрдпрд╛ рдорд╛рдЭреНрдпрд╛ рдкреНрд░рд┐рдп рдЖрдорджрд╛рд░рд╛рдиреЗ рд░рд╛рдЬрджрдВрдб рдЙрдЪрд▓реВрди рдордЧ рдХрд╛рдирд╛рдЦрд╛рд▓реА рд▓рд╛рд╡рд▓реА рд╣реЛрддреА  рддреЛ рднрдбрд╡рд╛ рдорд╛тАж ,TIN,IND,
 рд╣реА рдЕрд╕рдВ рдЬрд░ рдЗрддрд░ рддрдорд┐рд│рдирд╛рдбреВ рдХрд░реНрдирд╛рдЯрдХ рд░рд╛рдЬреНрдпрд╛рдд рдмреЛрд▓рд▓реА рдЕрд╕рддреА рддрд░... рддрд┐рдерд▓реЗ рд▓реЛрдХрдЪ рд░рд╕реНрддреНрдпрд╛рдд рдзрд░реВрди рддреБрдХрдбреЗ рддреБрдХрдбреЗ рдХреЗрд▓реЗ рдЕрд╕тАж ,TIN,IND,
 рдЕрд░реЗ рднрд┐рдХрд╛рд░рдЪреЛрдЯ рдХреБрддреНрд░реНрдпрд╛рдВрдиреЛ рд╕реНрд╡рддрдГрдЪреНрдпрд╛ рд░рд╛рдЬреНрдпрд╛рдд рддреБрдореНрд╣рд╛рд▓рд╛ рдХрд╛рдо рдорд┐рд│рдд рдирд╛рд╣реАрдд рдХрд╛рдорд╛рдЪреА рднреАрдХ рдорд╛рдЧрдд рдЗрдереЗ рдореБрдВрдмрдИ рд▓рд╛ рдпреЗтАж ,TIN,GRP,
 рдЕрд░реЗ рднреБрд░рдЯреНрдпрд╛ рд▓рд╛рдЪрд╛рд░ рдЧреБрд▓рд╛рдо рдорд╛рдгрд╕рд╛ рдлрд╕рд╡реЗ рдЖрд░рдХреНрд╖рдг рдЖрдШрд╛рдбреА рд╕рд░рдХрд╛рд░ рдиреЗ реирежрезрек рдордзреНрдпреЗ рджрд┐рд▓реЗ рд╣реЛрддреЗ ..рдлрдбрдгрд╡реАрд╕ рд╕рд░рдХрд╛рд░рдиреЗ рдЬреЗ рдЖрд░рдХреНрд╖рдгтАж ,TIN,IND,
 рд╣реНрдпрд╛ рддрд╛рдИ рдЕрдЧрджреАрдЪ рдмрд╛рд╡рд│рдЯ рдЖрдгрд┐ рдорд╛рдЧрд╛рд╕рд▓реЗрд▓реНрдпрд╛ рдЖрд╣реЗрдд . рд╣рд╛ рдЬрдорд╛рдирд╛ рдЖрдгрд┐ рдЪрд╛. рдХреЗрдмрд▓ рдХреЗ рдмрд▓ рдмрд╛рддреЗ рдордд рдХрд░реЛ  ,TIN,IND,
 рд░рд╛рдо рдХрджрдо рд╡рд╛рдЧрдгреНрдпрд╛рдд рдирд╛рд╣реА рддрд░ рдмреЛрд▓рдгреНрдпрд╛рдд рдЪреБрдХрд▓реЗтАжbjp рдордЧ рдЕрдЬрд┐рдд рджрд╛рджрд╛ рдХреБрдареЗ рддреБрдордЪреНрдпрд╛ рддреЛрдВрдбрд╛рдд рдореВрддрд▓реЗ рд╣реЛрддреЗ ЁЯдг ,TIN,IND,
 рдЕрддрд┐рд╢рдп рджрд│рднрджреНрд░реА рднрд┐рдХрд╛рд░реА рдЖрдШрд╛рдбреА рд╕рд░рдХрд╛рд░  ,TIN,GRP,
 рдмрдШрд╛  рдЧреЛрдмрд░рднрдХреНрддрд╛рдВрдЪреА рдЭрд╛рд╢реАрдЪреА рд░рд╛рдгреА рдЪрдкрд▓рд╛ рдШрд╛рд▓реВрди рджреЗрд╡рд╛рдЪреНрдпрд╛ рдкрд╛рдпрд╛ рдкрдбрддреЗрдп. рдпрд╛рд╡рд░ рд╕рдЧрд│реЗ рдЧреЛрдмрд░рдЫрд╛рдк рддреЛрдВрдбрд╛рдд рдмреЛрд│реЗ рдХреЛрдВрдмреВрди рдмрд╕рддреАрд▓. ,TIN,IND,
 рдЕрд░реЗ рдорд╛рдЭреЗ рдордд рддреБрд▓рд╛ рдкрдЯрдд рдирд╕реЗрд▓ рддрд░ рдореА рдХрд╛рдп рдХрд░реВ   рдорд▓рд╛ рддреЛ рдмрд╛рд╡рд│рдЯ рд╡рд╛рдЯрддреЛ рддреНрдпрд╛рдд рдорд╛рдЭрд╛ рдХрд╛рдп рджреЛрд╖  рддреВ рддреНрдпрд╛ рд╢рд┐рд╡ рд▓рд╛ рд╡рд┐рдЪрд╛рд░ рдирд╛  ,TIN,IND,
 рддреЛ рдЧреЛрдЯреНрдпрд╛ рдЦреЗрд│рддреЛ рдлрдХреНрдд рдЖрддрд╛. ,TIN,IND,
 рдЕрд╕рддрд╛рдд рдХрд╛рд╣реА рджрд│рднрджреНрд░реА рдиреАрдЪ рдкреНрд░рд╡реГрддреНрддреАрдЪреА рдореБрд▓рдВ... ,UNT,NULL,
 рдЪреНрдпрд╛рдпрд▓рд╛ рдирд╛рд╡ рдкрдг рдЖрдкрд▓реЗ рдирд╛рд╣реА рдпрд╛рдВрдЪреЗ.. ,UNT,NULL,
 рдЖрдгрд┐ рддреНрдпрд╛ рджрдХреНрд╖рд┐рдг рднрд╛рд░рддрд╛рддреАрд▓ рд▓реЛрдХрд╛рдВрдЪреЗ рд╡рд┐рдЪрд╛рд░ рдПрдХрджрдо рдмрд╛рд╡рд│рдЯ рдЖрд╣реЗ  рддреНрдпрд╛рдирд╛ рддреНрдпрд╛рдЪрд╛ рд╕реНрд╡рддрдВрддреНрд░реНрдп рджреЗрд╢ рдкрд╛рд╣рд┐тАж ,TIN,GRP,
 рд╕реНрд╡рддрдГрдЪреНрдпрд╛ рддреЛрдВрдбрд╛рдд рд╣реА рдереЛрдбрд╛ рд╕реНрдкреНрд░реЗ рдорд╛рд░реВрди рдШреЗ рдореНрд╣рдгрд╛рд╡рдВ. рдХрд┐рдбреЗ рдорд░рддреАрд▓ рдЖрддрд▓реЗ. рдЖрдгрд┐ рдЙрд░рд▓ рддрд░ рддреНрдпрд╛тАж ,TIN,IND,
 рдЕрд░реЗ рднрдбрд╡реНрдпрд╛ рдЖрдзреА рдирд┐рдЯ рдорд░рд╛рдареА рд▓рд┐рд╣рд╛рдпрд▓рд╛ рд╢рд┐рдХ ,TIN,IND,
 рдЖрдкрд▓рдВ рд╕рд░рдХрд╛рд░ рд╣реЛрдд  рддреНрдпрд╛рд╡реЗрд│реА рдЧреЛрдЯреНрдпрд╛ рдЦреЗрд│рдд рд╣реЛрддрд╛ рдХрд╛ ?  ,TIN,IND,
 рднрд┐рдХрд╛рд░рдЪреЛрдЯ рдорд░рд╛рдареА рдореАтАж ,TIN,IND,
 рдЪреНрдпрд╛рдпрд▓рд╛ рдХрд╕рд▓рд╛ рдЖрдирдВрдж рд╣реНрдпрд╛ рдмрд╛рдИрдВ рд▓рд╛? рдЕрд░реЗ рддреЛ рдорд░реНрдЪреЗрдВрдЯ рдиреЗрд╡реА рдордзреЗ рдЕрд╕рд▓рд╛ рддрд░реА рддреНрдпрд╛рд▓рд╛ рдордиреБрд╖реНрдп рддрд░реА рд╕рдордЭрддрд╛ рдХрд┐ рдирд╛рд╣реА? рдХрд╛тАж ,TIN,IND,
 рд╣реНрдпрд╛рдВрдЪреАрдЪ рдЗрдЪреНрдЫрд╛ рдирд╛рд╣реА  рдиреБрд╕рддреЗ рднрд┐рдХрд╛рд░рдЪреЛрдЯ рд╡рдХрд┐рд▓реА рдкреЙрдИрдВрдЯ  рдЭрд╛рд░реАрддреАрд▓ рд╢реБрдХреНрд░  рдмрд╛рдХреАрдЪреНрдпрд╛рдВрдЪреЗ рдореНрд╣рдгрдЬреЗ  рд╕рд╛рд╣реЗрдм     рдорд╛рдореВ   тАж ,,NULL,?
 рд╣рд╛ рдЯреНрд╡рд┐рдЯ рдкреЛрд╣рдЪреВ рджреНрдпрд╛ рдХрдВрдЧрдирд╛ рдкрд░реНрдпрдВрдд рдЫрддреНрд░рдкрддреА рд╢рд┐рд╡рд░рд╛рдпрд╛рдВрдЪреНрдпрд╛ рдорд╣рд╛рд░рд╛рд╖реНрдЯреНрд░рд╛рд▓рд╛ рдмреЛрд▓рддреЗ рд╣реА рд╣рд░рд╛рдордЦреЛрд░ рддреБрдЭреА рдирдХреНрдХреА рдЬрд│рд╛рд▓реА рдЕрд╕реЗрд▓рдЪ ,TIN,IND,
 рддрд┐рд▓рд╛ рдХрд╛рд╣реА рдмреЛрд▓рд╛рдпрдЪреНрдпрд╛ рд▓рд╛рдпрдХреАрдЪреА рддрд░реА рд░рд╛рд╣рд┐рд▓реА рдХрд╛ рддреА рдЖрддрд╛ рдЪреНрдпрд╛рдпрд▓рд╛ рдХрд╛рд╣реА рдкрди рдмрдХрд╡рд╛рд╕ рдХрд░рдд рдЖрд╣реЗ рд░реЛрдЬтАж ,TIN,IND,
 рднрд╛рд░реА рд▓реБрдХреНрдХрд╛ рд╕рд╛рд╡рдВрдд  рдЕрд╢реА рдЕрдиреЗрдХ рдкрд╛рд▓реБрдкрджрдВ рдЖрд╣реЗрдд рдпрд╛ рдЧреБрд▓рд╛рдорд╛ рд╕рд╛рдареА рд╕рддрд░рдВрдЬреА рдЙрдЪрд▓реНрдпрд╛ рднрд┐рдХрд╛рд░рдЪреЛрдЯ рд▓реБрдЧрдбреА рдзреБрдгрд╛рд░рд╛  рдкрдкреНрдкреВ рдЪрд╛ рдкрдкреНрдкреВ ......... ,TIN,IND,
 рдирд┐рд░реНрд▓рд▓реНрдЬрдкрдгреЗ рд╕рдВрдЬрдп рд░рд╛рдКрдд рдереЗрдЯ рджреЗрд╢рд╛рдЪреЗ рд╕реАрдореЗрд╡рд░ рд░рдХреНрд╖рдг рдХрд░рдгрд╛рд▒реНрдпрд╛ рдЬрд╡рд╛рдирд╛рдВрдирд╛ рддрдВрдмрд╛рдХреВ рдЪреЛрд│рдд рд╣реЛрддрд╛ рдХрд╛ рдЕрд╕рд╛ рдкреНрд░рд╢реНрди рд╕рдорд╛тАж ,TIN,IND,
 рджрд│рднрджреНрд░реА рднрд┐рдХрд╛рд░реА рдЖрдШрд╛рдбреА рд╕рд░рдХрд╛рд░ рдЪрд╛ рдзрд┐рдХреНрдХрд╛рд░ рдЕрд╕реЛ ,TIN,GRP,
 рднрд╛рд╖рд┐рдХ рдЪрд┐рддреНрд░рдкрдЯ рдХрд▓рд╛рдХрд╛рд░ рдХрдзреА рд╣рд┐рдВрджреАрдЪреА рдЧреБрд▓рд╛рдореА рд╕реЛрдбреВрди рдЕрд╕рдВ рдЖрдкрд▓реНрдпрд╛ рдиреЗтАж ,UNT,NULL,
 рдЕрд░ рддреНрдпрд╛ рдШрдВрдЯрд╛ рдирд╛рдж рдЖрдВрджреЛрд▓рдирд╛рдЪреЗ рдкреБрдврдВ рдХрд╛рдп рдЭрд╛рд▓рдВ рд░реЗ .....  рдХрд╛ рдЕрдорд┐рдд рд╢рд╣рд╛рдВрдЪреНрдпрд╛ рдЖрджреЗрд╢рд╛рд╡рд░реВрди рд╕рдЧрд│реЗ рддреНрдпрд╛ рдХрдВрдЧрдгрд╛рд▓рд╛ рд╕рд┐рдХреНрдпреЛрд░рд┐рдЯреА рджрдпрд╛рдпрд▓рд╛ рдЧреЗтАж ,UNT,NULL,
 рднрдХреНрддрд╛рдВрдЪреА рдЖрдзреБрдирд┐рдХ рдЭрд╛рд╕реА рдХрдВрдЧрдирд╛ рд░рд╛рдирд╛рд╡рдд рд╣рд┐рдЪреЗ рдЭрд╛рд╢реАрдЪреНрдпрд╛ рд░рд╛рдгреА рдмрджреНрджрд▓рдЪ рд╡рдХреНрддрд╡реНрдп рдмрдШрд╛   рддреБрдореНрд╣рд╛рд▓рд╛ рд▓рд╛рдЬ рд╡рд╛рдЯрд╛рдпрд▓рд╛ рдкрд╛рд╣рд┐рдЬреЗ   рджрд│рднрджреНрд░реА рдмрд┐рдВтАж ,TIN,OTH,
 рдЬреЗрд╡реНрд╣рд╛ рдХрд░рд┐рд╖реНрдорд╛ рднреЛрд╕рд▓реЗ рд▓рд╛ рдорд╢реАрдж рдЪреНрдпрд╛ рд▓рд╛рдКрдбрд╕реНрдкрд┐рдХрд░ рдЪреНрдпрд╛ рд╡рд╛рджрд╛ рд╡рд░реВрди рдЕрдмреВ рдЖрдЭрдореА рд╕рд╛рд░рдЦрд╛ рдиреАрдЪ рдореБрд╕рд▓тАж ,TIN,IND,
 рдорд╛рдЭрдВ рд╕реЛрдб рддреВ рд╣реЛрддрд╛рд╕ рдирд╛ рддреЗрд╡реНрд╣рд╛ рдордЧ рдХрд╛рдп рдЙрдкрдЯрд▓реАрд╕ рддреВ?? рдХреЛрдгреА рдХреБрдард▓рд╛ рд╡рд┐рд╖рдп рдмреЛрд▓тАж ,TIN,IND,
  рд╕реАрддрд╛ рд╕рд╛рд▓реА рд╕рд╛рд╡рд┐рддреНрд░реА рд╕рд░рд╣рдЬ ,TIN,IND,
 рдореБрдореНрдмрдИ рдордзреЗ рддреБрдореНрд╣реА рддрд░реА рдХрд╛рдп рдХрд░реБрди рджрд╛рдЦрд╡рд▓реЗ.рдЭрд╛рдЯ рд╕реБрдзрд╛ рдирд╛рд╣реА рджрд░ рд╡рд░реНрд╖реА рдкрд╛рд╡рд╕рд╛рд│рд╛ рдЖрд▓рд╛ рдХреА рддреБрдореНрд╣реА рдХреЗрд▓реЗрд▓реАтАж ,TIN,OTH,
 рд╣реЛ рдХреМрд╕реНрддреБрдн рд╣рд╛ naughty рдЖрд╣реЗред рдШрдВрдЯрд╛ рдЙрдЦрд╛рдб рдореНрд╣рдгрд╛ рдЖрдкрд▓рдВ рдЪреНрдпрд╛рдпрд▓рд╛ рдореА рдЦреВрдк рд░рд╛рдЧрд╛рдд рдЖрд╣реЗ ред ,TIN,IND,
 рдХреЛрдгреА рд╣реА рдмрд╛рд╡рд│рдЯ рдорд╛рд╣рд┐рддреА рдкрд╕рд░рд╡рд▓реА рдЖрд╣реЗ рдорд╛рд╣рд┐рддреА рдирд╛рд╣реА. рддреНрдпрд╛ рджрд░ рд╡реЗрд│реЗрд╕ рдмреЗрдВрдЧрд▓реЛрд░ рдордзреЗ рд░рд╛рдШрд╡реЗрдВрджреНрд░ рд╕реНрд╡рд╛рдореА рдордард╛рдд рдЖрд░рд╛рдзрдиреЗрдХрд░рддрд╛ рд╕реЗтАж ,TIN,IND,
 рднрдХреНрддрд╛рдВрд╡рд░ рдЖрдЬ рдЕрд╢реА рд╡реЗрд│ рдЖрд▓реЗрд▓реА рдЖрд╣реЗ рдХреА рдЙрджреНрдпрд╛ рджрд╛рдКрдж рдЗрдмреНрд░рд╛рд╣рд┐рдо рдкрдг рдореБрдВрдмрдИ рдорд╣рд╛рд░рд╛рд╖реНрдЯреНрд░ рд╡рд┐рд░реЛрдзрд╛рдд рдмреЛрд▓рд╛ рддрд░ рдпреЗ рдордВрдж рддреНрдпрд╛рд▓рд╛ рдкрдг рдкрдкреНрдкрд╛ рдкрдкреНрдкрд╛ рдмреЛрд▓рд╛рдпрд▓рд╛тАж ,TIN,GRP,
 рддреНрдпрд╛рдВрдЪреНрдпрд╛рдкреЗрдХреНрд╖рд╛ рддреНрдпрд╛рдВрдЪреЗ рдиреЗрддреЗ рдЬрд╛рд╕реНрдд рдордВрдж рдЖрд╣реЗрдд. ,TIN,OTH,
 рдПрдХ рдмрд╛рдИрдиреЗ рддреБрдордЪреНрдпрд╛ рддреЛрдВрдбрд╛рдд рд╢реЗрдг рдШрд╛рддрд▓реЗ рддреЗ рдмрдШ рдЖрдзреА. рдореБрд▓реАрдЪреНрдпрд╛ рдлреЛрдЯреЛрд▓рд╛ рдЪрдкреНрдкрд▓ рдорд╛рд░рддрд╛рдд  рдбреЙрдирдЪреНрдпрд╛ рдзрдордХреАрд╡рд░ рд╢реЗрдкреВрдЯ рдШрд╛рд▓реВрди рдШрд░рд╛рдд рдмрд╕рддрд╛рдд рдЖрдгрд┐ рдЧтАж ,TIN,GRP,
 рдХреЛрд░реЛрдирд╛рдЪреЗ рдмрдШрд╛ рдЖрддрд╛... рдирд╛рд╣реАрддрд░ рд▓реЛрдХ рд╢реЗрдг рдШрд╛рд▓рддреАрд▓ рддреБрдордЪреНрдпрд╛ рддреЛрдВрдбрд╛рдд  ,TIN,OTH,?
 рдмреЗрдЕрдХреНрдХрд▓ рднрдХреНрддрд╛рдВрдирд╛ рдЕрдЬреБрди рд╕реБрдзреНрджрд╛ рд╡рд╛рдЯрддрдВрдп рдХреА рд▓рд╛ рдпрд╛рдЪрд╛ рдореЛрдмрджрд▓рд╛ рджреНрдпрд╛рд╡рд╛ рд▓рд╛рдЧреЗрд▓ рдЕрд╕рдВ  рдЕрд░реЗ рднрдХреНрддрд╛рдВрдбрд╛рдиреЛ рддреЗ рдЕрдирдзрд┐рдХреГтАж ,TIN,GRP,
 рджрд│рднрджреНрд░реА рд▓реЛрдХ рдирдХреЛрдЪ рдмрд░ рдЭрд╛рд▓ рдЧреЗрд▓ рдмрд┐рд╣рд╛рд░ рд▓рд╛. ,UNT,NULL,
 рдмрд┐рдирдмреБрдбрд╛рдЪреЗ рдЕрдВрдб рднрдХреНрдд.. рдореВрдб рдкрдг рдирд╛рдп рд╣реЛрдд b........рдЪ рдмреЛрд▓рд╛рдпрд▓рд╛ рднрдХреНрддрд╛рди рдмрд░реЛрдмрд░... ,TIN,GRP,
 рдЖрдзреА рдорд╛рдЭреНрдпрд╛ рдкреНрд░рд╢реНрдирд╛рдЪрдВ рдЙрддреНрддрд░ рджреЗ рдордВрдж... рдорджрди рд╢рд░реНрдорд╛ рдХреЛрдг рд╣реЛрддреЗ? ,TIN,IND,
 рдЕрд░реЗ рдкрд╣рд┐рд▓рд╛ рд╕реНрд╡рдд рдЪрд╛ рдмреЛрдЪрд╛ рдзреБрд╡рд╛рдпрд▓рд╛ рд╢рд┐рдХ рд▓рд╡рдбреБ..рддреБрдЭреА рд▓рд╛рдпрдХреА рдХрд╛рдп рдЖрд╣реЗ рддреЗ рдорд╛рд╣рд┐рдд рдЖрд╣реЗ ,TIN,IND,
 рддреБрдореНрд╣реА рдХрдВрдЧрдирд╛рдЪ рдХрд╛рдп рдШреЗрдКрди рдмрд╕рд▓рд╛рдд рдЬрд░ рдореБрдВрдмрдИ рдорд╣рд╛рдирдЧрд░рдкрд╛рд▓рд┐рдХрд╛рдиреЗ рдкреНрд░рддреНрдпреЗрдХ рдард┐рдХрд╛рдгреА рдХрд╛рд░рд╡рд╛рдИ рдХреЗрд▓реА рддрд░ рддреБрдореНрд╣реА рдЭрд╛рдЯреБ рд▓реЛрдХрдВ рдореБрдВрдмрдИрдд рд░рд╛рд╣реБ рдкрдгтАж ,TIN,GRP,
 рдордВрддреНрд░реА рдорд╣реЛрджрдп рдЖрдкрдг рдЧреЗрд▓рд╛рдд рддрд░ рдкрд░рднрдгреА рдЪреА рдкрди рджрд│рднрджреНрд░рд┐ рдЕрд╡рд╕реНрдерд╛ рдкрд╣рд╛рд╡реА.. ,TIN,IND,
 рд░рд╛рдо рдХрджрдо рд╡рд╛рдЧрдгреНрдпрд╛рдд рдЪреБрдХрд▓реЗ рдирд╛рд╣реАрдд  рддрд░ рдмреЛрд▓рдгреНрдпрд╛рдд рдЪреБрдХрд▓реЗ..    рднрд╛рдЬрдкрд╛ рдордЧ рдЕрдЬрд┐рдд рджрд╛рджрд╛ рддрд░реА рдХрд╛рдп рддреЛрдВрдбрд╛рдд рдореБрддрд▓реЗ рд╣реЛрддреЗ рдХрд╛...тАж ,TIN,IND,
 рдЧрдк рд░реЗ тЭдрдбреНрдпрд╛ рдЖрдордЪрдВ рдЖрд░рдХреНрд╖рдг рддреБрдордЪреНрдпрд╛ рдореБрд│реЗ рд░рджреНрдж рдЭрд╛рд▓рдВ рддреБрдордЪреНрдпрд╛ рдЖрдЗрдЪреНрдпрд╛ рднрд╛рдК рдЦрд╛рдд рдХреЗрд│рдВ рдЖрдЗ рдЦрд╡реЗ рдЪреБтАж ,TIN,IND,
 рдЖрдИрдШрд╛рд▓реНрдпрд╛ рдлреЛрди рдХрд╛рдп рдХрд░рддреЛ. рд╣рд┐рдЬрдбрд╛ рд╕рдореЛрд░ рдпреЗ рддреБрдЭреА рдФрдХрд╛рдд рджрд╛рдЦрд╡рддреЛ. ,TIN,IND,
 рдирд╛рд╣реА рддреЗрд╡рдврдВ рдирд╛рд╣реА рдЬрдордгрд╛рд░ рдмрд╛рдХреА рд╕рдЧрд│реЗ рдордВрдж рдЖрдореНрд╣реА рд╣реБрд╢рд╛рд░  ,TIN,IND,
 рдЖрдИ рдЭрд╡рд╛рдбреНрдпрд╛ ,TIN,IND,
 bc рдХрд╛рдп рдЪреНрдпрд╛рдпрд▓рд╛...рдХрд╛рдп рдЪрд╛рд▓рд▓рдВрдп рдХрд╛рдп.. ,UNT,NULL,
 рд╣рд┐рдЯрд▓рд░ рднрд╛рдЬрдк рдЪреНрдпрд╛ рдЧреЛрдЯрдпрд╛ рдЪреЛрд│реНрдпрд╛ ЁЯдг рд╣рд┐рдЪ рдХрд╛рдо рдХрд░ рд╣рд┐рдЬрдбреНрдпрд╛ рдЧрд┐рд░реА рдЪреА ,TIN,IND,
 рдЖрд░реЗ рд╣реА рд░рд╛рдВрдб рдХрд╛ рдПрд╡рдвреА рднрд░реА рдЖрд╣реЗ рдХрд╛ рд░реЗ  bc рдХреЛрдг рдкрдг рд╣реНрдпрд╛рдЪрдВ рдЪ рд╕реБрд░реВ рдЖрд╣реЗ  рдЖрд░реЗ рддреБрдордЪрдВ рдЪрд╛рд▓рд▓рд╛рдп рддрд░реА рдХрд╛рдп рдиреБрд╕рддреЗ рдЧрд╛рдВрджреВ рдзрдВрджреЗ ,UNT,NULL,
 рдХреЛрдгрддреНрдпрд╛рд╣реА succesful рд░рд┐рд▓реЗрд╢рдирд╢рд┐рдк рдордзреНрдпреЗ рд╕реБрдВрджрд░ рджрд┐рд╕рдгрдВ рдЦреВрдк рдорд╣рддреНрд╡рд╛рдЪрдВ рдЕрд╕рддрдВ...? ЁЯдРЁЯдР ,,NULL,?
 рд╣реЗ рд╡рд╛рдЪрд╛ рдЧрд╛рдврд╡рд╛рдВрдиреЛ. рдЖрдгрд┐ рд╣реЗ рд╣реА рд╕рд╛рдВрдЧрд╛ рдХреА рддреБрдордЪреНрдпрд╛ рдореЕрдбрдо рдЖрдгрд┐ рдкрдкреНрдкреВрдиреЗ 2008 рд╕рд╛рд▓реА рдХрд╛рдп рдХрд░рд╛рд░ рдХреЗрд▓рд╛ рдЪреАрдиреА рдХрдореНрдпреБрдирд┐рд╕реНрдЯ рдкрдХреНрд╖рд╛тАж ,TIN,IND,
 рд▓рдВрдб рдлрдХреАрд░ ,UNT,NULL,
 рддреВ  рдЖрдгрд┐ рддреБрдЭреА рднрд╛рдЬрдк рддреЗрд╡реНрд╣рд╛ рдХрд╛рдп рдЧреЛрдЯреНрдпрд╛ рдЦреЗрд│рдд рд╣реЛрддрд╛ рдХрд╛рдп? рдХрд╛ рд░реЗ рд╡рд╛рдШреНрдпрд╛  рд╣рд┐рдВрджреБрддреНрд╡рд╡рд╛рджреА рдЖрд╣рд╛рдд рдирд╛тАж ,TIN,IND,
 рдП рдЕрд░реНрдзрд╡рдЯ  рдХрд╛рдп рд╡рдЯрд╡рдЯ рд▓рд╛рд╡рд▓реА рдЖрд╣реЗрд╕ рдЙрдЧрд╛рдЪ? рд╡рд┐рджрд░реНрднрд╛рдд рдХрд┐рддреА рдЬрд┐рд▓реНрд╣реЗтАж ,TIN,IND,
 рдХрд╛рдп рд░реЗ рднрд╛рдЬрдкрдЪреНрдпрд╛ рдЧреЛрдЯрдпрд╛ рдХрд╢рд╛рд▓рд╛ рдЦрд╛рдЬрд╡рдд рдмрд╕рддреЛ  рддреБрд▓рд╛ рд╡рд╛рдЯрдд рдирд╛рд╣реА рдХрд╛ рддреБ рдЬрд╛рд╕реНрддрдЪ рд╕реЗрдлрд╛рд░рд▓рд╛ рдЖрд╣реЗ. рдЖрдорд┐рд░рдЦрд╛рдирдЪреНрдпрд╛ рдмрд╛рдпрдХреЛ рдмрджрд▓ рдХрд╛рдптАж ,TIN,IND,
 рдЕрд░реЗ рд░рд╛рдВрдбреЗрдЪреНрдпрд╛  рддреВ pok рднрд╛рд░рддрд╛рдд рдЖрд╣реЗ рдореНрд╣рдгрддреЛ рдирд╛ рдЪрд▓ pok рдЪреА рдЯреНрд░рд┐рдк arrange рдХрд░ рд▓реЛрдХрд╛рдВрд╕рд╛рдареА рдореА рдорд╛рдЭрдВ рдирд╛рд╡ рджреЗрддреЛ рдктАж ,TIN,IND,
 рдЖрддрд╛ рдбреБрдХреНрдХрд░ рдХреЛрдг рдЖрд╣реЗ рдирдХреНрдХреА? ,UNT,NULL,
 рддреВ рд╕реНрд╡рддрдГрд▓рд╛ рдорд░рд╛рдард╛ рд╕рдордЬрд╛рдпрд▓рд╛ рд▓рд╛рдЧрд▓рд╛рд╕ рдХреА рдХрд╛рдп рдЬрд╛рд╕реНрдд рдЙрдбреВ рдирдХреЛ рдмреЛрдЪрд╛ рдлреЛрдбрд▓рд╛ рдЬрд╛рдЗрд▓ рдмрд╛рдВрдмреВ рдиреЗ рдХрд╛рдп рдкрд░рд┐рд╕реНрдерд┐рддреА рдЖрд▓реАрдп рд▓реЛтАж ,TIN,IND,
 рдЧреЛрдЯреНрдпрд╛ рдЕрд╕рддрд╛рдд рдХрдкрд╛рд│рд╛рд╡рд░  рд╣рд╛ рддрд░ рдореЛрдард╛ рдЬрд╛рд╡рдИрд╢реЛрдз рд▓рд╛рд╡рд▓рд╛рдд рдЖрдкрдг..... рдЕрдВрдбрднрдХреНрдд рд╢реЛрднрддрд╛.... ,TIN,IND,
 рд╣рд╛ рджреЗрд╢рдореБрдЦ рдЬрд╛рд╕реНрдд рд╢рд╣рд╛рдгрд╛ рдЖрд╣реЗ ... рд╕реАрдмреАрдЖрдп рд╣реЛрдК рджреЗрдгрд╛рд░ рдирд╛рд╣реА ... рдХрд╛рдВрдЧрдгрд╛рд▓рд╛ рдореБрдВрдмрдИрдд рд░рд╛рд╣реВ рджреЗрдгрд╛рд░рд╛ рдирд╛рд╣реА рдпрд╛рдЪрд╛ рдмрд╛... рдЪрд╛ рдмреЛрдЪрд╛ ,TIN,IND,
 рдлреЛрдкрдЯ рд▓рдВрдкрдЯ рдкреЛрдкрдЯ рдбреЛрдХреНрдпрд╛рд╡рд░рдЪреА рдЯреЛрдкреА рдЖрд╣реЗ рдХреА рдЧреЛрдЯреНрдпрд╛ ,TIN,IND,
 рдЖрдЬрдЪреНрдпрд╛ рдмреЗрд░реЛрдЬрдЧрд╛рд░ рддрд░реБрдг   рддрд░реБрдгреАрдВрдирд╛  рдордВрдж  рд╕рдВрдмреЛрдзрддрд╛рдирд╛ рдХреЛрдгрддрдВ рдЕрд╕рдВ рдмреБрджреНрдзреАрдЪрд╛рддреБрд░реНрдп рд╡рд╛рдкрд░рд▓реЗ рдЖрд╣реЗ рдЬреНрдпрд╛рдиреЗ рджреЗрд╢рд╛рдЪрд╛ рдкрдВрддрдкреНрд░рдзрд╛рди рд╕реБрдЦрд╛рд╡реЗрд▓тАж ,UNT,NULL,
 рднрд╛рдЬрдк рдЖрдорджрд╛рд░ рдкреНрд░рд╢рд╛рдВрдд рдкрд░рд┐рдЪрд╛рд░рдХрдиреЗ рд╕реИрдирд┐рдХ рдкрддреНрдиреАрдмрджреНрджрд▓ рдЕрдкрд╢рдмреНрдж рдХрд╛рдврд▓реЗ рд╣реЛрддреЗ рддреНрдпрд╛рд╡реЗрд│реА рдХрд╛рдп рдЭреЛрдкрд▓рд╛ рд╣реЛрддрд╛ рдХрд╛ рд░реЗ рдореВрд░реНрдЦрд╛ тАж ,TIN,IND,
 рдХрдкрд╛рд│рд╛рдд рдЧреЛрдЯреНрдпрд╛ рдЖрд╣реЗрдд рдХрд╕рд╛ рдХрд│рдгрд╛рд░ ,UNT,NULL,
 рд╣рд░рд╛рдордЦреЛрд░ рд▓реЛрдХрд╛рдВрдиреА рд╕реНрд╡рддрдГрд╕рд╛рдареА рд▓рд╛рд╡рд▓рд╛ рдЕрд╕рдгрд╛рд░... рдЪрд┐рдВрдЧ рдЪреЙрдиреНрдЧ рдЧрд╛рдгреНрдпрд╛рдВрд╡рд░ рдордЬреНрдЬрд╛ рдпреЗрдд рдирд╛рд╣реА рдореНрд╣рдгреВрди.... рджрд│рднрджреНрд░реА рдХреБрдардЪреЗ... ,TIN,OTH,
 рддреБрдореНрд╣реА рддрд░ рд╢рд░рджрдЪреА рд▓рд╛рд│ рдЪрд╛рдЯрддрдд  рдореНрд╣рдгреБрди рд╢рдмреНрдж рддрд╕реЗрдЪ рдпреЗрдгрд╛рд░  рдЬрд╛рд╕реНрддреА рддреЛрдВрдбрд╛рдд рдПрдХрд╛ рдмрд╛рдЬреВрд▓рд╛ рдареЗрд╡реВрди ,TIN,OTH,
 рдЕрд░реЗ рдЬреЗрд╡реНрд╣рд╛ рдХрдВрдЧрдирд╛ рдореБрдВрдмрдИ рдмрджреНрджрд▓ рдЕрдкрд╢рдмреНрдж рдХрд╛рдврдд рд╣реЛрддреА рддреЗрд╡реНрд╣рд╛ рддреБрдЭреНрдпрд╛ рд╕рд╛рд░рдЦреНрдпрд╛ рдорд╣рд╛рд░рд╛рд╖реНрдЯреНрд░рджреНрд░реЛрд╣реА рдЖрдгрд┐ рджрд│рднрджреНрд░реА рд▓реЛрдХ рдмрд┐рд│рд╛рдд рдЬрд╛рдКрди рдмрд╕рд▓реЗ рд╣реЛрддреЗ рдЖтАж ,TIN,OTH,
 рдЕрд░реЗ рдмрд╛рдкрд░реЗ рддреЛ рдмрд╛рд╡рд│тАж ,TIN,IND,
 рддреЛрдВрдбрд╛рдд рдШреЗ рдХреА ,TIN,IND,
 рдЖрдгрд┐ рд╣реЗ рд╕реНрддреНрд░реА рдкреБрд░реБрд╖ рд╕рдорд╛рдирддреЗрдЪрд╛ рд╡рд╛рд░рд╕рд╛ рдЬрдкрдгрд╛рд░ рдЪреНрдпрд╛рдпрд▓рд╛ рдЬреАрдн рдЭрдбреЗрд▓ рдмреЗ ,UNT,NULL,
 рджреЗрд╢рд╛рдЪрд╛ рдкрдВрддрдкреНрд░рдзрд╛рди рдЕрд╕реВ рдХрд┐рд╡реНрд╣рд╛ рдХреЛрдгреА рдкрдг рддреНрдпрд╛рдЪреА рд▓рд╛рдпрдХреА рдлрдХреНрдд рдЫрддреНрд░рдкрддреАрдирдЪреНрдпрд╛ рдкрд╛рдпрд╛рд╢реА  рдореВрд░реНрдЦрд╛ рд╕рд╛рд░рдЦреЗ рдХрд╛рд╣реАтАж ,UNT,NULL,